Datetime,sp500,vix
11/1/2017 0:00,0,0
11/1/2017 1:00,0,0
11/1/2017 2:00,0,0
11/1/2017 3:00,0,0
11/1/2017 4:00,0,0
11/1/2017 5:00,0,0
11/1/2017 6:00,0,0
11/1/2017 7:00,0,0
11/1/2017 8:00,0,0
11/1/2017 9:00,0,0
11/1/2017 10:00,0,0
11/1/2017 11:00,0,0
11/1/2017 12:00,0,0
11/1/2017 13:00,0,0
11/1/2017 14:00,0,0
11/1/2017 15:00,0,0
11/1/2017 16:00,0,0
11/1/2017 17:00,0,0
11/1/2017 18:00,0,0
11/1/2017 19:00,0,0
11/1/2017 20:00,0,0
11/1/2017 21:00,0,0
11/1/2017 22:00,0,0
11/1/2017 23:00,0,0
11/2/2017 0:00,0.00018997,0.019009505
11/2/2017 1:00,0,0
11/2/2017 2:00,0,0
11/2/2017 3:00,0,0
11/2/2017 4:00,0,0
11/2/2017 5:00,0,0
11/2/2017 6:00,0,0
11/2/2017 7:00,0,0
11/2/2017 8:00,0,0
11/2/2017 9:00,0,0
11/2/2017 10:00,0,0
11/2/2017 11:00,0,0
11/2/2017 12:00,0,0
11/2/2017 13:00,0,0
11/2/2017 14:00,0,0
11/2/2017 15:00,0,0
11/2/2017 16:00,0,0
11/2/2017 17:00,0,0
11/2/2017 18:00,0,0
11/2/2017 19:00,0,0
11/2/2017 20:00,0,0
11/2/2017 21:00,0,0
11/2/2017 22:00,0,0
11/2/2017 23:00,0,0
11/3/2017 0:00,0.003097079,-0.068728522
11/3/2017 1:00,0,0
11/3/2017 2:00,0,0
11/3/2017 3:00,0,0
11/3/2017 4:00,0,0
11/3/2017 5:00,0,0
11/3/2017 6:00,0,0
11/3/2017 7:00,0,0
11/3/2017 8:00,0,0
11/3/2017 9:00,0,0
11/3/2017 10:00,0,0
11/3/2017 11:00,0,0
11/3/2017 12:00,0,0
11/3/2017 13:00,0,0
11/3/2017 14:00,0,0
11/3/2017 15:00,0,0
11/3/2017 16:00,0,0
11/3/2017 17:00,0,0
11/3/2017 18:00,0,0
11/3/2017 19:00,0,0
11/3/2017 20:00,0,0
11/3/2017 21:00,0,0
11/3/2017 22:00,0,0
11/3/2017 23:00,0,0
11/4/2017 0:00,0,0
11/4/2017 1:00,0,0
11/4/2017 2:00,0,0
11/4/2017 3:00,0,0
11/4/2017 4:00,0,0
11/4/2017 5:00,0,0
11/4/2017 6:00,0,0
11/4/2017 7:00,0,0
11/4/2017 8:00,0,0
11/4/2017 9:00,0,0
11/4/2017 10:00,0,0
11/4/2017 11:00,0,0
11/4/2017 12:00,0,0
11/4/2017 13:00,0,0
11/4/2017 14:00,0,0
11/4/2017 15:00,0,0
11/4/2017 16:00,0,0
11/4/2017 17:00,0,0
11/4/2017 18:00,0,0
11/4/2017 19:00,0,0
11/4/2017 20:00,0,0
11/4/2017 21:00,0,0
11/4/2017 22:00,0,0
11/4/2017 23:00,0,0
11/5/2017 0:00,0,0
11/5/2017 1:00,0,0
11/5/2017 2:00,0,0
11/5/2017 3:00,0,0
11/5/2017 4:00,0,0
11/5/2017 5:00,0,0
11/5/2017 6:00,0,0
11/5/2017 7:00,0,0
11/5/2017 8:00,0,0
11/5/2017 9:00,0,0
11/5/2017 10:00,0,0
11/5/2017 11:00,0,0
11/5/2017 12:00,0,0
11/5/2017 13:00,0,0
11/5/2017 14:00,0,0
11/5/2017 15:00,0,0
11/5/2017 16:00,0,0
11/5/2017 17:00,0,0
11/5/2017 18:00,0,0
11/5/2017 19:00,0,0
11/5/2017 20:00,0,0
11/5/2017 21:00,0,0
11/5/2017 22:00,0,0
11/5/2017 23:00,0,0
11/6/2017 0:00,0.001271331,0.003162889
11/6/2017 1:00,0,0
11/6/2017 2:00,0,0
11/6/2017 3:00,0,0
11/6/2017 4:00,0,0
11/6/2017 5:00,0,0
11/6/2017 6:00,0,0
11/6/2017 7:00,0,0
11/6/2017 8:00,0,0
11/6/2017 9:00,0,0
11/6/2017 10:00,0,0
11/6/2017 11:00,0,0
11/6/2017 12:00,0,0
11/6/2017 13:00,0,0
11/6/2017 14:00,0,0
11/6/2017 15:00,0,0
11/6/2017 16:00,0,0
11/6/2017 17:00,0,0
11/6/2017 18:00,0,0
11/6/2017 19:00,0,0
11/6/2017 20:00,0,0
11/6/2017 21:00,0,0
11/6/2017 22:00,0,0
11/6/2017 23:00,0,0
11/7/2017 0:00,-0.000189107,0.008933263
11/7/2017 1:00,0,0
11/7/2017 2:00,0,0
11/7/2017 3:00,0,0
11/7/2017 4:00,0,0
11/7/2017 5:00,0,0
11/7/2017 6:00,0,0
11/7/2017 7:00,0,0
11/7/2017 8:00,0,0
11/7/2017 9:00,0,0
11/7/2017 10:00,0,0
11/7/2017 11:00,0,0
11/7/2017 12:00,0,0
11/7/2017 13:00,0,0
11/7/2017 14:00,0,0
11/7/2017 15:00,0,0
11/7/2017 16:00,0,0
11/7/2017 17:00,0,0
11/7/2017 18:00,0,0
11/7/2017 19:00,0,0
11/7/2017 20:00,0,0
11/7/2017 21:00,0,0
11/7/2017 22:00,0,0
11/7/2017 23:00,0,0
11/8/2017 0:00,0.001443659,0.019270833
11/8/2017 1:00,0,0
11/8/2017 2:00,0,0
11/8/2017 3:00,0,0
11/8/2017 4:00,0,0
11/8/2017 5:00,0,0
11/8/2017 6:00,0,0
11/8/2017 7:00,0,0
11/8/2017 8:00,0,0
11/8/2017 9:00,0,0
11/8/2017 10:00,0,0
11/8/2017 11:00,0,0
11/8/2017 12:00,0,0
11/8/2017 13:00,0,0
11/8/2017 14:00,0,0
11/8/2017 15:00,0,0
11/8/2017 16:00,0,0
11/8/2017 17:00,0,0
11/8/2017 18:00,0,0
11/8/2017 19:00,0,0
11/8/2017 20:00,0,0
11/8/2017 21:00,0,0
11/8/2017 22:00,0,0
11/8/2017 23:00,0,0
11/9/2017 0:00,-0.003761978,0.0444558
11/9/2017 1:00,0,0
11/9/2017 2:00,0,0
11/9/2017 3:00,0,0
11/9/2017 4:00,0,0
11/9/2017 5:00,0,0
11/9/2017 6:00,0,0
11/9/2017 7:00,0,0
11/9/2017 8:00,0,0
11/9/2017 9:00,0,0
11/9/2017 10:00,0,0
11/9/2017 11:00,0,0
11/9/2017 12:00,0,0
11/9/2017 13:00,0,0
11/9/2017 14:00,0,0
11/9/2017 15:00,0,0
11/9/2017 16:00,0,0
11/9/2017 17:00,0,0
11/9/2017 18:00,0,0
11/9/2017 19:00,0,0
11/9/2017 20:00,0,0
11/9/2017 21:00,0,0
11/9/2017 22:00,0,0
11/9/2017 23:00,0,0
11/10/2017 0:00,-0.000897617,0.079745597
11/10/2017 1:00,0,0
11/10/2017 2:00,0,0
11/10/2017 3:00,0,0
11/10/2017 4:00,0,0
11/10/2017 5:00,0,0
11/10/2017 6:00,0,0
11/10/2017 7:00,0,0
11/10/2017 8:00,0,0
11/10/2017 9:00,0,0
11/10/2017 10:00,0,0
11/10/2017 11:00,0,0
11/10/2017 12:00,0,0
11/10/2017 13:00,0,0
11/10/2017 14:00,0,0
11/10/2017 15:00,0,0
11/10/2017 16:00,0,0
11/10/2017 17:00,0,0
11/10/2017 18:00,0,0
11/10/2017 19:00,0,0
11/10/2017 20:00,0,0
11/10/2017 21:00,0,0
11/10/2017 22:00,0,0
11/10/2017 23:00,0,0
11/11/2017 0:00,0,0
11/11/2017 1:00,0,0
11/11/2017 2:00,0,0
11/11/2017 3:00,0,0
11/11/2017 4:00,0,0
11/11/2017 5:00,0,0
11/11/2017 6:00,0,0
11/11/2017 7:00,0,0
11/11/2017 8:00,0,0
11/11/2017 9:00,0,0
11/11/2017 10:00,0,0
11/11/2017 11:00,0,0
11/11/2017 12:00,0,0
11/11/2017 13:00,0,0
11/11/2017 14:00,0,0
11/11/2017 15:00,0,0
11/11/2017 16:00,0,0
11/11/2017 17:00,0,0
11/11/2017 18:00,0,0
11/11/2017 19:00,0,0
11/11/2017 20:00,0,0
11/11/2017 21:00,0,0
11/11/2017 22:00,0,0
11/11/2017 23:00,0,0
11/12/2017 0:00,0,0
11/12/2017 1:00,0,0
11/12/2017 2:00,0,0
11/12/2017 3:00,0,0
11/12/2017 4:00,0,0
11/12/2017 5:00,0,0
11/12/2017 6:00,0,0
11/12/2017 7:00,0,0
11/12/2017 8:00,0,0
11/12/2017 9:00,0,0
11/12/2017 10:00,0,0
11/12/2017 11:00,0,0
11/12/2017 12:00,0,0
11/12/2017 13:00,0,0
11/12/2017 14:00,0,0
11/12/2017 15:00,0,0
11/12/2017 16:00,0,0
11/12/2017 17:00,0,0
11/12/2017 18:00,0,0
11/12/2017 19:00,0,0
11/12/2017 20:00,0,0
11/12/2017 21:00,0,0
11/12/2017 22:00,0,0
11/12/2017 23:00,0,0
11/13/2017 0:00,0.000983619,0.038966923
11/13/2017 1:00,0,0
11/13/2017 2:00,0,0
11/13/2017 3:00,0,0
11/13/2017 4:00,0,0
11/13/2017 5:00,0,0
11/13/2017 6:00,0,0
11/13/2017 7:00,0,0
11/13/2017 8:00,0,0
11/13/2017 9:00,0,0
11/13/2017 10:00,0,0
11/13/2017 11:00,0,0
11/13/2017 12:00,0,0
11/13/2017 13:00,0,0
11/13/2017 14:00,0,0
11/13/2017 15:00,0,0
11/13/2017 16:00,0,0
11/13/2017 17:00,0,0
11/13/2017 18:00,0,0
11/13/2017 19:00,0,0
11/13/2017 20:00,0,0
11/13/2017 21:00,0,0
11/13/2017 22:00,0,0
11/13/2017 23:00,0,0
11/14/2017 0:00,-0.002309621,0.008286088
11/14/2017 1:00,0,0
11/14/2017 2:00,0,0
11/14/2017 3:00,0,0
11/14/2017 4:00,0,0
11/14/2017 5:00,0,0
11/14/2017 6:00,0,0
11/14/2017 7:00,0,0
11/14/2017 8:00,0,0
11/14/2017 9:00,0,0
11/14/2017 10:00,0,0
11/14/2017 11:00,0,0
11/14/2017 12:00,0,0
11/14/2017 13:00,0,0
11/14/2017 14:00,0,0
11/14/2017 15:00,0,0
11/14/2017 16:00,0,0
11/14/2017 17:00,0,0
11/14/2017 18:00,0,0
11/14/2017 19:00,0,0
11/14/2017 20:00,0,0
11/14/2017 21:00,0,0
11/14/2017 22:00,0,0
11/14/2017 23:00,0,0
11/15/2017 0:00,-0.005525676,0.109429066
11/15/2017 1:00,0,0
11/15/2017 2:00,0,0
11/15/2017 3:00,0,0
11/15/2017 4:00,0,0
11/15/2017 5:00,0,0
11/15/2017 6:00,0,0
11/15/2017 7:00,0,0
11/15/2017 8:00,0,0
11/15/2017 9:00,0,0
11/15/2017 10:00,0,0
11/15/2017 11:00,0,0
11/15/2017 12:00,0,0
11/15/2017 13:00,0,0
11/15/2017 14:00,0,0
11/15/2017 15:00,0,0
11/15/2017 16:00,0,0
11/15/2017 17:00,0,0
11/15/2017 18:00,0,0
11/15/2017 19:00,0,0
11/15/2017 20:00,0,0
11/15/2017 21:00,0,0
11/15/2017 22:00,0,0
11/15/2017 23:00,0,0
11/16/2017 0:00,0.008196146,-0.055360624
11/16/2017 1:00,0,0
11/16/2017 2:00,0,0
11/16/2017 3:00,0,0
11/16/2017 4:00,0,0
11/16/2017 5:00,0,0
11/16/2017 6:00,0,0
11/16/2017 7:00,0,0
11/16/2017 8:00,0,0
11/16/2017 9:00,0,0
11/16/2017 10:00,0,0
11/16/2017 11:00,0,0
11/16/2017 12:00,0,0
11/16/2017 13:00,0,0
11/16/2017 14:00,0,0
11/16/2017 15:00,0,0
11/16/2017 16:00,0,0
11/16/2017 17:00,0,0
11/16/2017 18:00,0,0
11/16/2017 19:00,0,0
11/16/2017 20:00,0,0
11/16/2017 21:00,0,0
11/16/2017 22:00,0,0
11/16/2017 23:00,0,0
11/17/2017 0:00,-0.002626042,-0.043334709
11/17/2017 1:00,0,0
11/17/2017 2:00,0,0
11/17/2017 3:00,0,0
11/17/2017 4:00,0,0
11/17/2017 5:00,0,0
11/17/2017 6:00,0,0
11/17/2017 7:00,0,0
11/17/2017 8:00,0,0
11/17/2017 9:00,0,0
11/17/2017 10:00,0,0
11/17/2017 11:00,0,0
11/17/2017 12:00,0,0
11/17/2017 13:00,0,0
11/17/2017 14:00,0,0
11/17/2017 15:00,0,0
11/17/2017 16:00,0,0
11/17/2017 17:00,0,0
11/17/2017 18:00,0,0
11/17/2017 19:00,0,0
11/17/2017 20:00,0,0
11/17/2017 21:00,0,0
11/17/2017 22:00,0,0
11/17/2017 23:00,0,0
11/18/2017 0:00,0,0
11/18/2017 1:00,0,0
11/18/2017 2:00,0,0
11/18/2017 3:00,0,0
11/18/2017 4:00,0,0
11/18/2017 5:00,0,0
11/18/2017 6:00,0,0
11/18/2017 7:00,0,0
11/18/2017 8:00,0,0
11/18/2017 9:00,0,0
11/18/2017 10:00,0,0
11/18/2017 11:00,0,0
11/18/2017 12:00,0,0
11/18/2017 13:00,0,0
11/18/2017 14:00,0,0
11/18/2017 15:00,0,0
11/18/2017 16:00,0,0
11/18/2017 17:00,0,0
11/18/2017 18:00,0,0
11/18/2017 19:00,0,0
11/18/2017 20:00,0,0
11/18/2017 21:00,0,0
11/18/2017 22:00,0,0
11/18/2017 23:00,0,0
11/19/2017 0:00,0,0
11/19/2017 1:00,0,0
11/19/2017 2:00,0,0
11/19/2017 3:00,0,0
11/19/2017 4:00,0,0
11/19/2017 5:00,0,0
11/19/2017 6:00,0,0
11/19/2017 7:00,0,0
11/19/2017 8:00,0,0
11/19/2017 9:00,0,0
11/19/2017 10:00,0,0
11/19/2017 11:00,0,0
11/19/2017 12:00,0,0
11/19/2017 13:00,0,0
11/19/2017 14:00,0,0
11/19/2017 15:00,0,0
11/19/2017 16:00,0,0
11/19/2017 17:00,0,0
11/19/2017 18:00,0,0
11/19/2017 19:00,0,0
11/19/2017 20:00,0,0
11/19/2017 21:00,0,0
11/19/2017 22:00,0,0
11/19/2017 23:00,0,0
11/20/2017 0:00,0.001275762,-0.024590164
11/20/2017 1:00,0,0
11/20/2017 2:00,0,0
11/20/2017 3:00,0,0
11/20/2017 4:00,0,0
11/20/2017 5:00,0,0
11/20/2017 6:00,0,0
11/20/2017 7:00,0,0
11/20/2017 8:00,0,0
11/20/2017 9:00,0,0
11/20/2017 10:00,0,0
11/20/2017 11:00,0,0
11/20/2017 12:00,0,0
11/20/2017 13:00,0,0
11/20/2017 14:00,0,0
11/20/2017 15:00,0,0
11/20/2017 16:00,0,0
11/20/2017 17:00,0,0
11/20/2017 18:00,0,0
11/20/2017 19:00,0,0
11/20/2017 20:00,0,0
11/20/2017 21:00,0,0
11/20/2017 22:00,0,0
11/20/2017 23:00,0,0
11/21/2017 0:00,0.006541086,-0.094648386
11/21/2017 1:00,0,0
11/21/2017 2:00,0,0
11/21/2017 3:00,0,0
11/21/2017 4:00,0,0
11/21/2017 5:00,0,0
11/21/2017 6:00,0,0
11/21/2017 7:00,0,0
11/21/2017 8:00,0,0
11/21/2017 9:00,0,0
11/21/2017 10:00,0,0
11/21/2017 11:00,0,0
11/21/2017 12:00,0,0
11/21/2017 13:00,0,0
11/21/2017 14:00,0,0
11/21/2017 15:00,0,0
11/21/2017 16:00,0,0
11/21/2017 17:00,0,0
11/21/2017 18:00,0,0
11/21/2017 19:00,0,0
11/21/2017 20:00,0,0
11/21/2017 21:00,0,0
11/21/2017 22:00,0,0
11/21/2017 23:00,0,0
11/22/2017 0:00,-0.00075028,-0.048363459
11/22/2017 1:00,0,0
11/22/2017 2:00,0,0
11/22/2017 3:00,0,0
11/22/2017 4:00,0,0
11/22/2017 5:00,0,0
11/22/2017 6:00,0,0
11/22/2017 7:00,0,0
11/22/2017 8:00,0,0
11/22/2017 9:00,0,0
11/22/2017 10:00,0,0
11/22/2017 11:00,0,0
11/22/2017 12:00,0,0
11/22/2017 13:00,0,0
11/22/2017 14:00,0,0
11/22/2017 15:00,0,0
11/22/2017 16:00,0,0
11/22/2017 17:00,0,0
11/22/2017 18:00,0,0
11/22/2017 19:00,0,0
11/22/2017 20:00,0,0
11/22/2017 21:00,0,0
11/22/2017 22:00,0,0
11/22/2017 23:00,0,0
11/23/2017 0:00,0,0
11/23/2017 1:00,0,0
11/23/2017 2:00,0,0
11/23/2017 3:00,0,0
11/23/2017 4:00,0,0
11/23/2017 5:00,0,0
11/23/2017 6:00,0,0
11/23/2017 7:00,0,0
11/23/2017 8:00,0,0
11/23/2017 9:00,0,0
11/23/2017 10:00,0,0
11/23/2017 11:00,0,0
11/23/2017 12:00,0,0
11/23/2017 13:00,0,0
11/23/2017 14:00,0,0
11/23/2017 15:00,0,0
11/23/2017 16:00,0,0
11/23/2017 17:00,0,0
11/23/2017 18:00,0,0
11/23/2017 19:00,0,0
11/23/2017 20:00,0,0
11/23/2017 21:00,0,0
11/23/2017 22:00,0,0
11/23/2017 23:00,0,0
11/24/2017 0:00,0.002056155,0.000513347
11/24/2017 1:00,0,0
11/24/2017 2:00,0,0
11/24/2017 3:00,0,0
11/24/2017 4:00,0,0
11/24/2017 5:00,0,0
11/24/2017 6:00,0,0
11/24/2017 7:00,0,0
11/24/2017 8:00,0,0
11/24/2017 9:00,0,0
11/24/2017 10:00,0,0
11/24/2017 11:00,0,0
11/24/2017 12:00,0,0
11/24/2017 13:00,0,0
11/24/2017 14:00,0,0
11/24/2017 15:00,0,0
11/24/2017 16:00,0,0
11/24/2017 17:00,0,0
11/24/2017 18:00,0,0
11/24/2017 19:00,0,0
11/24/2017 20:00,0,0
11/24/2017 21:00,0,0
11/24/2017 22:00,0,0
11/24/2017 23:00,0,0
11/25/2017 0:00,0,0
11/25/2017 1:00,0,0
11/25/2017 2:00,0,0
11/25/2017 3:00,0,0
11/25/2017 4:00,0,0
11/25/2017 5:00,0,0
11/25/2017 6:00,0,0
11/25/2017 7:00,0,0
11/25/2017 8:00,0,0
11/25/2017 9:00,0,0
11/25/2017 10:00,0,0
11/25/2017 11:00,0,0
11/25/2017 12:00,0,0
11/25/2017 13:00,0,0
11/25/2017 14:00,0,0
11/25/2017 15:00,0,0
11/25/2017 16:00,0,0
11/25/2017 17:00,0,0
11/25/2017 18:00,0,0
11/25/2017 19:00,0,0
11/25/2017 20:00,0,0
11/25/2017 21:00,0,0
11/25/2017 22:00,0,0
11/25/2017 23:00,0,0
11/26/2017 0:00,0,0
11/26/2017 1:00,0,0
11/26/2017 2:00,0,0
11/26/2017 3:00,0,0
11/26/2017 4:00,0,0
11/26/2017 5:00,0,0
11/26/2017 6:00,0,0
11/26/2017 7:00,0,0
11/26/2017 8:00,0,0
11/26/2017 9:00,0,0
11/26/2017 10:00,0,0
11/26/2017 11:00,0,0
11/26/2017 12:00,0,0
11/26/2017 13:00,0,0
11/26/2017 14:00,0,0
11/26/2017 15:00,0,0
11/26/2017 16:00,0,0
11/26/2017 17:00,0,0
11/26/2017 18:00,0,0
11/26/2017 19:00,0,0
11/26/2017 20:00,0,0
11/26/2017 21:00,0,0
11/26/2017 22:00,0,0
11/26/2017 23:00,0,0
11/27/2017 0:00,-0.000384258,0.023088763
11/27/2017 1:00,0,0
11/27/2017 2:00,0,0
11/27/2017 3:00,0,0
11/27/2017 4:00,0,0
11/27/2017 5:00,0,0
11/27/2017 6:00,0,0
11/27/2017 7:00,0,0
11/27/2017 8:00,0,0
11/27/2017 9:00,0,0
11/27/2017 10:00,0,0
11/27/2017 11:00,0,0
11/27/2017 12:00,0,0
11/27/2017 13:00,0,0
11/27/2017 14:00,0,0
11/27/2017 15:00,0,0
11/27/2017 16:00,0,0
11/27/2017 17:00,0,0
11/27/2017 18:00,0,0
11/27/2017 19:00,0,0
11/27/2017 20:00,0,0
11/27/2017 21:00,0,0
11/27/2017 22:00,0,0
11/27/2017 23:00,0,0
11/28/2017 0:00,0.009848467,-0.009528586
11/28/2017 1:00,0,0
11/28/2017 2:00,0,0
11/28/2017 3:00,0,0
11/28/2017 4:00,0,0
11/28/2017 5:00,0,0
11/28/2017 6:00,0,0
11/28/2017 7:00,0,0
11/28/2017 8:00,0,0
11/28/2017 9:00,0,0
11/28/2017 10:00,0,0
11/28/2017 11:00,0,0
11/28/2017 12:00,0,0
11/28/2017 13:00,0,0
11/28/2017 14:00,0,0
11/28/2017 15:00,0,0
11/28/2017 16:00,0,0
11/28/2017 17:00,0,0
11/28/2017 18:00,0,0
11/28/2017 19:00,0,0
11/28/2017 20:00,0,0
11/28/2017 21:00,0,0
11/28/2017 22:00,0,0
11/28/2017 23:00,0,0
11/29/2017 0:00,-0.000369237,0.043544304
11/29/2017 1:00,0,0
11/29/2017 2:00,0,0
11/29/2017 3:00,0,0
11/29/2017 4:00,0,0
11/29/2017 5:00,0,0
11/29/2017 6:00,0,0
11/29/2017 7:00,0,0
11/29/2017 8:00,0,0
11/29/2017 9:00,0,0
11/29/2017 10:00,0,0
11/29/2017 11:00,0,0
11/29/2017 12:00,0,0
11/29/2017 13:00,0,0
11/29/2017 14:00,0,0
11/29/2017 15:00,0,0
11/29/2017 16:00,0,0
11/29/2017 17:00,0,0
11/29/2017 18:00,0,0
11/29/2017 19:00,0,0
11/29/2017 20:00,0,0
11/29/2017 21:00,0,0
11/29/2017 22:00,0,0
11/29/2017 23:00,0,0
11/30/2017 0:00,0.008190947,0.056283358
11/30/2017 1:00,0,0
11/30/2017 2:00,0,0
11/30/2017 3:00,0,0
11/30/2017 4:00,0,0
11/30/2017 5:00,0,0
11/30/2017 6:00,0,0
11/30/2017 7:00,0,0
11/30/2017 8:00,0,0
11/30/2017 9:00,0,0
11/30/2017 10:00,0,0
11/30/2017 11:00,0,0
11/30/2017 12:00,0,0
11/30/2017 13:00,0,0
11/30/2017 14:00,0,0
11/30/2017 15:00,0,0
11/30/2017 16:00,0,0
11/30/2017 17:00,0,0
11/30/2017 18:00,0,0
11/30/2017 19:00,0,0
11/30/2017 20:00,0,0
11/30/2017 21:00,0,0
11/30/2017 22:00,0,0
11/30/2017 23:00,0,0
12/1/2017 0:00,-0.00202449,0.039044557
12/1/2017 1:00,0,0
12/1/2017 2:00,0,0
12/1/2017 3:00,0,0
12/1/2017 4:00,0,0
12/1/2017 5:00,0,0
12/1/2017 6:00,0,0
12/1/2017 7:00,0,0
12/1/2017 8:00,0,0
12/1/2017 9:00,0,0
12/1/2017 10:00,0,0
12/1/2017 11:00,0,0
12/1/2017 12:00,0,0
12/1/2017 13:00,0,0
12/1/2017 14:00,0,0
12/1/2017 15:00,0,0
12/1/2017 16:00,0,0
12/1/2017 17:00,0,0
12/1/2017 18:00,0,0
12/1/2017 19:00,0,0
12/1/2017 20:00,0,0
12/1/2017 21:00,0,0
12/1/2017 22:00,0,0
12/1/2017 23:00,0,0
12/2/2017 0:00,0,0
12/2/2017 1:00,0,0
12/2/2017 2:00,0,0
12/2/2017 3:00,0,0
12/2/2017 4:00,0,0
12/2/2017 5:00,0,0
12/2/2017 6:00,0,0
12/2/2017 7:00,0,0
12/2/2017 8:00,0,0
12/2/2017 9:00,0,0
12/2/2017 10:00,0,0
12/2/2017 11:00,0,0
12/2/2017 12:00,0,0
12/2/2017 13:00,0,0
12/2/2017 14:00,0,0
12/2/2017 15:00,0,0
12/2/2017 16:00,0,0
12/2/2017 17:00,0,0
12/2/2017 18:00,0,0
12/2/2017 19:00,0,0
12/2/2017 20:00,0,0
12/2/2017 21:00,0,0
12/2/2017 22:00,0,0
12/2/2017 23:00,0,0
12/3/2017 0:00,0,0
12/3/2017 1:00,0,0
12/3/2017 2:00,0,0
12/3/2017 3:00,0,0
12/3/2017 4:00,0,0
12/3/2017 5:00,0,0
12/3/2017 6:00,0,0
12/3/2017 7:00,0,0
12/3/2017 8:00,0,0
12/3/2017 9:00,0,0
12/3/2017 10:00,0,0
12/3/2017 11:00,0,0
12/3/2017 12:00,0,0
12/3/2017 13:00,0,0
12/3/2017 14:00,0,0
12/3/2017 15:00,0,0
12/3/2017 16:00,0,0
12/3/2017 17:00,0,0
12/3/2017 18:00,0,0
12/3/2017 19:00,0,0
12/3/2017 20:00,0,0
12/3/2017 21:00,0,0
12/3/2017 22:00,0,0
12/3/2017 23:00,0,0
12/4/2017 0:00,-0.001052146,0.004862953
12/4/2017 1:00,0,0
12/4/2017 2:00,0,0
12/4/2017 3:00,0,0
12/4/2017 4:00,0,0
12/4/2017 5:00,0,0
12/4/2017 6:00,0,0
12/4/2017 7:00,0,0
12/4/2017 8:00,0,0
12/4/2017 9:00,0,0
12/4/2017 10:00,0,0
12/4/2017 11:00,0,0
12/4/2017 12:00,0,0
12/4/2017 13:00,0,0
12/4/2017 14:00,0,0
12/4/2017 15:00,0,0
12/4/2017 16:00,0,0
12/4/2017 17:00,0,0
12/4/2017 18:00,0,0
12/4/2017 19:00,0,0
12/4/2017 20:00,0,0
12/4/2017 21:00,0,0
12/4/2017 22:00,0,0
12/4/2017 23:00,0,0
12/5/2017 0:00,-0.00373943,-0.000879894
12/5/2017 1:00,0,0
12/5/2017 2:00,0,0
12/5/2017 3:00,0,0
12/5/2017 4:00,0,0
12/5/2017 5:00,0,0
12/5/2017 6:00,0,0
12/5/2017 7:00,0,0
12/5/2017 8:00,0,0
12/5/2017 9:00,0,0
12/5/2017 10:00,0,0
12/5/2017 11:00,0,0
12/5/2017 12:00,0,0
12/5/2017 13:00,0,0
12/5/2017 14:00,0,0
12/5/2017 15:00,0,0
12/5/2017 16:00,0,0
12/5/2017 17:00,0,0
12/5/2017 18:00,0,0
12/5/2017 19:00,0,0
12/5/2017 20:00,0,0
12/5/2017 21:00,0,0
12/5/2017 22:00,0,0
12/5/2017 23:00,0,0
12/6/2017 0:00,-0.000114087,-0.002642008
12/6/2017 1:00,0,0
12/6/2017 2:00,0,0
12/6/2017 3:00,0,0
12/6/2017 4:00,0,0
12/6/2017 5:00,0,0
12/6/2017 6:00,0,0
12/6/2017 7:00,0,0
12/6/2017 8:00,0,0
12/6/2017 9:00,0,0
12/6/2017 10:00,0,0
12/6/2017 11:00,0,0
12/6/2017 12:00,0,0
12/6/2017 13:00,0,0
12/6/2017 14:00,0,0
12/6/2017 15:00,0,0
12/6/2017 16:00,0,0
12/6/2017 17:00,0,0
12/6/2017 18:00,0,0
12/6/2017 19:00,0,0
12/6/2017 20:00,0,0
12/6/2017 21:00,0,0
12/6/2017 22:00,0,0
12/6/2017 23:00,0,0
12/7/2017 0:00,0.002932373,-0.070198675
12/7/2017 1:00,0,0
12/7/2017 2:00,0,0
12/7/2017 3:00,0,0
12/7/2017 4:00,0,0
12/7/2017 5:00,0,0
12/7/2017 6:00,0,0
12/7/2017 7:00,0,0
12/7/2017 8:00,0,0
12/7/2017 9:00,0,0
12/7/2017 10:00,0,0
12/7/2017 11:00,0,0
12/7/2017 12:00,0,0
12/7/2017 13:00,0,0
12/7/2017 14:00,0,0
12/7/2017 15:00,0,0
12/7/2017 16:00,0,0
12/7/2017 17:00,0,0
12/7/2017 18:00,0,0
12/7/2017 19:00,0,0
12/7/2017 20:00,0,0
12/7/2017 21:00,0,0
12/7/2017 22:00,0,0
12/7/2017 23:00,0,0
12/8/2017 0:00,0.005506299,-0.070275404
12/8/2017 1:00,0,0
12/8/2017 2:00,0,0
12/8/2017 3:00,0,0
12/8/2017 4:00,0,0
12/8/2017 5:00,0,0
12/8/2017 6:00,0,0
12/8/2017 7:00,0,0
12/8/2017 8:00,0,0
12/8/2017 9:00,0,0
12/8/2017 10:00,0,0
12/8/2017 11:00,0,0
12/8/2017 12:00,0,0
12/8/2017 13:00,0,0
12/8/2017 14:00,0,0
12/8/2017 15:00,0,0
12/8/2017 16:00,0,0
12/8/2017 17:00,0,0
12/8/2017 18:00,0,0
12/8/2017 19:00,0,0
12/8/2017 20:00,0,0
12/8/2017 21:00,0,0
12/8/2017 22:00,0,0
12/8/2017 23:00,0,0
12/9/2017 0:00,0,0
12/9/2017 1:00,0,0
12/9/2017 2:00,0,0
12/9/2017 3:00,0,0
12/9/2017 4:00,0,0
12/9/2017 5:00,0,0
12/9/2017 6:00,0,0
12/9/2017 7:00,0,0
12/9/2017 8:00,0,0
12/9/2017 9:00,0,0
12/9/2017 10:00,0,0
12/9/2017 11:00,0,0
12/9/2017 12:00,0,0
12/9/2017 13:00,0,0
12/9/2017 14:00,0,0
12/9/2017 15:00,0,0
12/9/2017 16:00,0,0
12/9/2017 17:00,0,0
12/9/2017 18:00,0,0
12/9/2017 19:00,0,0
12/9/2017 20:00,0,0
12/9/2017 21:00,0,0
12/9/2017 22:00,0,0
12/9/2017 23:00,0,0
12/10/2017 0:00,0,0
12/10/2017 1:00,0,0
12/10/2017 2:00,0,0
12/10/2017 3:00,0,0
12/10/2017 4:00,0,0
12/10/2017 5:00,0,0
12/10/2017 6:00,0,0
12/10/2017 7:00,0,0
12/10/2017 8:00,0,0
12/10/2017 9:00,0,0
12/10/2017 10:00,0,0
12/10/2017 11:00,0,0
12/10/2017 12:00,0,0
12/10/2017 13:00,0,0
12/10/2017 14:00,0,0
12/10/2017 15:00,0,0
12/10/2017 16:00,0,0
12/10/2017 17:00,0,0
12/10/2017 18:00,0,0
12/10/2017 19:00,0,0
12/10/2017 20:00,0,0
12/10/2017 21:00,0,0
12/10/2017 22:00,0,0
12/10/2017 23:00,0,0
12/11/2017 0:00,0.003201961,-0.025536261
12/11/2017 1:00,0,0
12/11/2017 2:00,0,0
12/11/2017 3:00,0,0
12/11/2017 4:00,0,0
12/11/2017 5:00,0,0
12/11/2017 6:00,0,0
12/11/2017 7:00,0,0
12/11/2017 8:00,0,0
12/11/2017 9:00,0,0
12/11/2017 10:00,0,0
12/11/2017 11:00,0,0
12/11/2017 12:00,0,0
12/11/2017 13:00,0,0
12/11/2017 14:00,0,0
12/11/2017 15:00,0,0
12/11/2017 16:00,0,0
12/11/2017 17:00,0,0
12/11/2017 18:00,0,0
12/11/2017 19:00,0,0
12/11/2017 20:00,0,0
12/11/2017 21:00,0,0
12/11/2017 22:00,0,0
12/11/2017 23:00,0,0
12/12/2017 0:00,0.001548878,0.01048218
12/12/2017 1:00,0,0
12/12/2017 2:00,0,0
12/12/2017 3:00,0,0
12/12/2017 4:00,0,0
12/12/2017 5:00,0,0
12/12/2017 6:00,0,0
12/12/2017 7:00,0,0
12/12/2017 8:00,0,0
12/12/2017 9:00,0,0
12/12/2017 10:00,0,0
12/12/2017 11:00,0,0
12/12/2017 12:00,0,0
12/12/2017 13:00,0,0
12/12/2017 14:00,0,0
12/12/2017 15:00,0,0
12/12/2017 16:00,0,0
12/12/2017 17:00,0,0
12/12/2017 18:00,0,0
12/12/2017 19:00,0,0
12/12/2017 20:00,0,0
12/12/2017 21:00,0,0
12/12/2017 22:00,0,0
12/12/2017 23:00,0,0
12/13/2017 0:00,-0.000472953,0.03526971
12/13/2017 1:00,0,0
12/13/2017 2:00,0,0
12/13/2017 3:00,0,0
12/13/2017 4:00,0,0
12/13/2017 5:00,0,0
12/13/2017 6:00,0,0
12/13/2017 7:00,0,0
12/13/2017 8:00,0,0
12/13/2017 9:00,0,0
12/13/2017 10:00,0,0
12/13/2017 11:00,0,0
12/13/2017 12:00,0,0
12/13/2017 13:00,0,0
12/13/2017 14:00,0,0
12/13/2017 15:00,0,0
12/13/2017 16:00,0,0
12/13/2017 17:00,0,0
12/13/2017 18:00,0,0
12/13/2017 19:00,0,0
12/13/2017 20:00,0,0
12/13/2017 21:00,0,0
12/13/2017 22:00,0,0
12/13/2017 23:00,0,0
12/14/2017 0:00,-0.004070826,0.025551102
12/14/2017 1:00,0,0
12/14/2017 2:00,0,0
12/14/2017 3:00,0,0
12/14/2017 4:00,0,0
12/14/2017 5:00,0,0
12/14/2017 6:00,0,0
12/14/2017 7:00,0,0
12/14/2017 8:00,0,0
12/14/2017 9:00,0,0
12/14/2017 10:00,0,0
12/14/2017 11:00,0,0
12/14/2017 12:00,0,0
12/14/2017 13:00,0,0
12/14/2017 14:00,0,0
12/14/2017 15:00,0,0
12/14/2017 16:00,0,0
12/14/2017 17:00,0,0
12/14/2017 18:00,0,0
12/14/2017 19:00,0,0
12/14/2017 20:00,0,0
12/14/2017 21:00,0,0
12/14/2017 22:00,0,0
12/14/2017 23:00,0,0
12/15/2017 0:00,0.008974325,-0.04543234
12/15/2017 1:00,0,0
12/15/2017 2:00,0,0
12/15/2017 3:00,0,0
12/15/2017 4:00,0,0
12/15/2017 5:00,0,0
12/15/2017 6:00,0,0
12/15/2017 7:00,0,0
12/15/2017 8:00,0,0
12/15/2017 9:00,0,0
12/15/2017 10:00,0,0
12/15/2017 11:00,0,0
12/15/2017 12:00,0,0
12/15/2017 13:00,0,0
12/15/2017 14:00,0,0
12/15/2017 15:00,0,0
12/15/2017 16:00,0,0
12/15/2017 17:00,0,0
12/15/2017 18:00,0,0
12/15/2017 19:00,0,0
12/15/2017 20:00,0,0
12/15/2017 21:00,0,0
12/15/2017 22:00,0,0
12/15/2017 23:00,0,0
12/16/2017 0:00,0,0
12/16/2017 1:00,0,0
12/16/2017 2:00,0,0
12/16/2017 3:00,0,0
12/16/2017 4:00,0,0
12/16/2017 5:00,0,0
12/16/2017 6:00,0,0
12/16/2017 7:00,0,0
12/16/2017 8:00,0,0
12/16/2017 9:00,0,0
12/16/2017 10:00,0,0
12/16/2017 11:00,0,0
12/16/2017 12:00,0,0
12/16/2017 13:00,0,0
12/16/2017 14:00,0,0
12/16/2017 15:00,0,0
12/16/2017 16:00,0,0
12/16/2017 17:00,0,0
12/16/2017 18:00,0,0
12/16/2017 19:00,0,0
12/16/2017 20:00,0,0
12/16/2017 21:00,0,0
12/16/2017 22:00,0,0
12/16/2017 23:00,0,0
12/17/2017 0:00,0,0
12/17/2017 1:00,0,0
12/17/2017 2:00,0,0
12/17/2017 3:00,0,0
12/17/2017 4:00,0,0
12/17/2017 5:00,0,0
12/17/2017 6:00,0,0
12/17/2017 7:00,0,0
12/17/2017 8:00,0,0
12/17/2017 9:00,0,0
12/17/2017 10:00,0,0
12/17/2017 11:00,0,0
12/17/2017 12:00,0,0
12/17/2017 13:00,0,0
12/17/2017 14:00,0,0
12/17/2017 15:00,0,0
12/17/2017 16:00,0,0
12/17/2017 17:00,0,0
12/17/2017 18:00,0,0
12/17/2017 19:00,0,0
12/17/2017 20:00,0,0
12/17/2017 21:00,0,0
12/17/2017 22:00,0,0
12/17/2017 23:00,0,0
12/18/2017 0:00,0.005362862,-0.02814739
12/18/2017 1:00,0,0
12/18/2017 2:00,0,0
12/18/2017 3:00,0,0
12/18/2017 4:00,0,0
12/18/2017 5:00,0,0
12/18/2017 6:00,0,0
12/18/2017 7:00,0,0
12/18/2017 8:00,0,0
12/18/2017 9:00,0,0
12/18/2017 10:00,0,0
12/18/2017 11:00,0,0
12/18/2017 12:00,0,0
12/18/2017 13:00,0,0
12/18/2017 14:00,0,0
12/18/2017 15:00,0,0
12/18/2017 16:00,0,0
12/18/2017 17:00,0,0
12/18/2017 18:00,0,0
12/18/2017 19:00,0,0
12/18/2017 20:00,0,0
12/18/2017 21:00,0,0
12/18/2017 22:00,0,0
12/18/2017 23:00,0,0
12/19/2017 0:00,-0.003230291,0.02317009
12/19/2017 1:00,0,0
12/19/2017 2:00,0,0
12/19/2017 3:00,0,0
12/19/2017 4:00,0,0
12/19/2017 5:00,0,0
12/19/2017 6:00,0,0
12/19/2017 7:00,0,0
12/19/2017 8:00,0,0
12/19/2017 9:00,0,0
12/19/2017 10:00,0,0
12/19/2017 11:00,0,0
12/19/2017 12:00,0,0
12/19/2017 13:00,0,0
12/19/2017 14:00,0,0
12/19/2017 15:00,0,0
12/19/2017 16:00,0,0
12/19/2017 17:00,0,0
12/19/2017 18:00,0,0
12/19/2017 19:00,0,0
12/19/2017 20:00,0,0
12/19/2017 21:00,0,0
12/19/2017 22:00,0,0
12/19/2017 23:00,0,0
12/20/2017 0:00,-0.000827904,-0.001029336
12/20/2017 1:00,0,0
12/20/2017 2:00,0,0
12/20/2017 3:00,0,0
12/20/2017 4:00,0,0
12/20/2017 5:00,0,0
12/20/2017 6:00,0,0
12/20/2017 7:00,0,0
12/20/2017 8:00,0,0
12/20/2017 9:00,0,0
12/20/2017 10:00,0,0
12/20/2017 11:00,0,0
12/20/2017 12:00,0,0
12/20/2017 13:00,0,0
12/20/2017 14:00,0,0
12/20/2017 15:00,0,0
12/20/2017 16:00,0,0
12/20/2017 17:00,0,0
12/20/2017 18:00,0,0
12/20/2017 19:00,0,0
12/20/2017 20:00,0,0
12/20/2017 21:00,0,0
12/20/2017 22:00,0,0
12/20/2017 23:00,0,0
12/21/2017 0:00,0.00198563,-0.010303967
12/21/2017 1:00,0,0
12/21/2017 2:00,0,0
12/21/2017 3:00,0,0
12/21/2017 4:00,0,0
12/21/2017 5:00,0,0
12/21/2017 6:00,0,0
12/21/2017 7:00,0,0
12/21/2017 8:00,0,0
12/21/2017 9:00,0,0
12/21/2017 10:00,0,0
12/21/2017 11:00,0,0
12/21/2017 12:00,0,0
12/21/2017 13:00,0,0
12/21/2017 14:00,0,0
12/21/2017 15:00,0,0
12/21/2017 16:00,0,0
12/21/2017 17:00,0,0
12/21/2017 18:00,0,0
12/21/2017 19:00,0,0
12/21/2017 20:00,0,0
12/21/2017 21:00,0,0
12/21/2017 22:00,0,0
12/21/2017 23:00,0,0
12/22/2017 0:00,-0.000458174,0.003123373
12/22/2017 1:00,0,0
12/22/2017 2:00,0,0
12/22/2017 3:00,0,0
12/22/2017 4:00,0,0
12/22/2017 5:00,0,0
12/22/2017 6:00,0,0
12/22/2017 7:00,0,0
12/22/2017 8:00,0,0
12/22/2017 9:00,0,0
12/22/2017 10:00,0,0
12/22/2017 11:00,0,0
12/22/2017 12:00,0,0
12/22/2017 13:00,0,0
12/22/2017 14:00,0,0
12/22/2017 15:00,0,0
12/22/2017 16:00,0,0
12/22/2017 17:00,0,0
12/22/2017 18:00,0,0
12/22/2017 19:00,0,0
12/22/2017 20:00,0,0
12/22/2017 21:00,0,0
12/22/2017 22:00,0,0
12/22/2017 23:00,0,0
12/23/2017 0:00,0,0
12/23/2017 1:00,0,0
12/23/2017 2:00,0,0
12/23/2017 3:00,0,0
12/23/2017 4:00,0,0
12/23/2017 5:00,0,0
12/23/2017 6:00,0,0
12/23/2017 7:00,0,0
12/23/2017 8:00,0,0
12/23/2017 9:00,0,0
12/23/2017 10:00,0,0
12/23/2017 11:00,0,0
12/23/2017 12:00,0,0
12/23/2017 13:00,0,0
12/23/2017 14:00,0,0
12/23/2017 15:00,0,0
12/23/2017 16:00,0,0
12/23/2017 17:00,0,0
12/23/2017 18:00,0,0
12/23/2017 19:00,0,0
12/23/2017 20:00,0,0
12/23/2017 21:00,0,0
12/23/2017 22:00,0,0
12/23/2017 23:00,0,0
12/24/2017 0:00,0,0
12/24/2017 1:00,0,0
12/24/2017 2:00,0,0
12/24/2017 3:00,0,0
12/24/2017 4:00,0,0
12/24/2017 5:00,0,0
12/24/2017 6:00,0,0
12/24/2017 7:00,0,0
12/24/2017 8:00,0,0
12/24/2017 9:00,0,0
12/24/2017 10:00,0,0
12/24/2017 11:00,0,0
12/24/2017 12:00,0,0
12/24/2017 13:00,0,0
12/24/2017 14:00,0,0
12/24/2017 15:00,0,0
12/24/2017 16:00,0,0
12/24/2017 17:00,0,0
12/24/2017 18:00,0,0
12/24/2017 19:00,0,0
12/24/2017 20:00,0,0
12/24/2017 21:00,0,0
12/24/2017 22:00,0,0
12/24/2017 23:00,0,0
12/25/2017 0:00,0,0
12/25/2017 1:00,0,0
12/25/2017 2:00,0,0
12/25/2017 3:00,0,0
12/25/2017 4:00,0,0
12/25/2017 5:00,0,0
12/25/2017 6:00,0,0
12/25/2017 7:00,0,0
12/25/2017 8:00,0,0
12/25/2017 9:00,0,0
12/25/2017 10:00,0,0
12/25/2017 11:00,0,0
12/25/2017 12:00,0,0
12/25/2017 13:00,0,0
12/25/2017 14:00,0,0
12/25/2017 15:00,0,0
12/25/2017 16:00,0,0
12/25/2017 17:00,0,0
12/25/2017 18:00,0,0
12/25/2017 19:00,0,0
12/25/2017 20:00,0,0
12/25/2017 21:00,0,0
12/25/2017 22:00,0,0
12/25/2017 23:00,0,0
12/26/2017 0:00,-0.001058382,0.060716139
12/26/2017 1:00,0,0
12/26/2017 2:00,0,0
12/26/2017 3:00,0,0
12/26/2017 4:00,0,0
12/26/2017 5:00,0,0
12/26/2017 6:00,0,0
12/26/2017 7:00,0,0
12/26/2017 8:00,0,0
12/26/2017 9:00,0,0
12/26/2017 10:00,0,0
12/26/2017 11:00,0,0
12/26/2017 12:00,0,0
12/26/2017 13:00,0,0
12/26/2017 14:00,0,0
12/26/2017 15:00,0,0
12/26/2017 16:00,0,0
12/26/2017 17:00,0,0
12/26/2017 18:00,0,0
12/26/2017 19:00,0,0
12/26/2017 20:00,0,0
12/26/2017 21:00,0,0
12/26/2017 22:00,0,0
12/26/2017 23:00,0,0
12/27/2017 0:00,0.000790897,0.003424658
12/27/2017 1:00,0,0
12/27/2017 2:00,0,0
12/27/2017 3:00,0,0
12/27/2017 4:00,0,0
12/27/2017 5:00,0,0
12/27/2017 6:00,0,0
12/27/2017 7:00,0,0
12/27/2017 8:00,0,0
12/27/2017 9:00,0,0
12/27/2017 10:00,0,0
12/27/2017 11:00,0,0
12/27/2017 12:00,0,0
12/27/2017 13:00,0,0
12/27/2017 14:00,0,0
12/27/2017 15:00,0,0
12/27/2017 16:00,0,0
12/27/2017 17:00,0,0
12/27/2017 18:00,0,0
12/27/2017 19:00,0,0
12/27/2017 20:00,0,0
12/27/2017 21:00,0,0
12/27/2017 22:00,0,0
12/27/2017 23:00,0,0
12/28/2017 0:00,0.001834028,-0.001950268
12/28/2017 1:00,0,0
12/28/2017 2:00,0,0
12/28/2017 3:00,0,0
12/28/2017 4:00,0,0
12/28/2017 5:00,0,0
12/28/2017 6:00,0,0
12/28/2017 7:00,0,0
12/28/2017 8:00,0,0
12/28/2017 9:00,0,0
12/28/2017 10:00,0,0
12/28/2017 11:00,0,0
12/28/2017 12:00,0,0
12/28/2017 13:00,0,0
12/28/2017 14:00,0,0
12/28/2017 15:00,0,0
12/28/2017 16:00,0,0
12/28/2017 17:00,0,0
12/28/2017 18:00,0,0
12/28/2017 19:00,0,0
12/28/2017 20:00,0,0
12/28/2017 21:00,0,0
12/28/2017 22:00,0,0
12/28/2017 23:00,0,0
12/29/2017 0:00,-0.005183179,0.029311187
12/29/2017 1:00,0,0
12/29/2017 2:00,0,0
12/29/2017 3:00,0,0
12/29/2017 4:00,0,0
12/29/2017 5:00,0,0
12/29/2017 6:00,0,0
12/29/2017 7:00,0,0
12/29/2017 8:00,0,0
12/29/2017 9:00,0,0
12/29/2017 10:00,0,0
12/29/2017 11:00,0,0
12/29/2017 12:00,0,0
12/29/2017 13:00,0,0
12/29/2017 14:00,0,0
12/29/2017 15:00,0,0
12/29/2017 16:00,0,0
12/29/2017 17:00,0,0
12/29/2017 18:00,0,0
12/29/2017 19:00,0,0
12/29/2017 20:00,0,0
12/29/2017 21:00,0,0
12/29/2017 22:00,0,0
12/29/2017 23:00,0,0
12/30/2017 0:00,0,0
12/30/2017 1:00,0,0
12/30/2017 2:00,0,0
12/30/2017 3:00,0,0
12/30/2017 4:00,0,0
12/30/2017 5:00,0,0
12/30/2017 6:00,0,0
12/30/2017 7:00,0,0
12/30/2017 8:00,0,0
12/30/2017 9:00,0,0
12/30/2017 10:00,0,0
12/30/2017 11:00,0,0
12/30/2017 12:00,0,0
12/30/2017 13:00,0,0
12/30/2017 14:00,0,0
12/30/2017 15:00,0,0
12/30/2017 16:00,0,0
12/30/2017 17:00,0,0
12/30/2017 18:00,0,0
12/30/2017 19:00,0,0
12/30/2017 20:00,0,0
12/30/2017 21:00,0,0
12/30/2017 22:00,0,0
12/30/2017 23:00,0,0
12/31/2017 0:00,0,0
12/31/2017 1:00,0,0
12/31/2017 2:00,0,0
12/31/2017 3:00,0,0
12/31/2017 4:00,0,0
12/31/2017 5:00,0,0
12/31/2017 6:00,0,0
12/31/2017 7:00,0,0
12/31/2017 8:00,0,0
12/31/2017 9:00,0,0
12/31/2017 10:00,0,0
12/31/2017 11:00,0,0
12/31/2017 12:00,0,0
12/31/2017 13:00,0,0
12/31/2017 14:00,0,0
12/31/2017 15:00,0,0
12/31/2017 16:00,0,0
12/31/2017 17:00,0,0
12/31/2017 18:00,0,0
12/31/2017 19:00,0,0
12/31/2017 20:00,0,0
12/31/2017 21:00,0,0
12/31/2017 22:00,0,0
12/31/2017 23:00,0,0
1/1/2018 0:00,0,0
1/1/2018 1:00,0,0
1/1/2018 2:00,0,0
1/1/2018 3:00,0,0
1/1/2018 4:00,0,0
1/1/2018 5:00,0,0
1/1/2018 6:00,0,0
1/1/2018 7:00,0,0
1/1/2018 8:00,0,0
1/1/2018 9:00,0,0
1/1/2018 10:00,0,0
1/1/2018 11:00,0,0
1/1/2018 12:00,0,0
1/1/2018 13:00,0,0
1/1/2018 14:00,0,0
1/1/2018 15:00,0,0
1/1/2018 16:00,0,0
1/1/2018 17:00,0,0
1/1/2018 18:00,0,0
1/1/2018 19:00,0,0
1/1/2018 20:00,0,0
1/1/2018 21:00,0,0
1/1/2018 22:00,0,0
1/1/2018 23:00,0,0
1/2/2018 0:00,0.00830338,-0.016611296
1/2/2018 1:00,0,0
1/2/2018 2:00,0,0
1/2/2018 3:00,0,0
1/2/2018 4:00,0,0
1/2/2018 5:00,0,0
1/2/2018 6:00,0,0
1/2/2018 7:00,0,0
1/2/2018 8:00,0,0
1/2/2018 9:00,0,0
1/2/2018 10:00,0,0
1/2/2018 11:00,0,0
1/2/2018 12:00,0,0
1/2/2018 13:00,0,0
1/2/2018 14:00,0,0
1/2/2018 15:00,0,0
1/2/2018 16:00,0,0
1/2/2018 17:00,0,0
1/2/2018 18:00,0,0
1/2/2018 19:00,0,0
1/2/2018 20:00,0,0
1/2/2018 21:00,0,0
1/2/2018 22:00,0,0
1/2/2018 23:00,0,0
1/3/2018 0:00,0.006398819,-0.097007722
1/3/2018 1:00,0,0
1/3/2018 2:00,0,0
1/3/2018 3:00,0,0
1/3/2018 4:00,0,0
1/3/2018 5:00,0,0
1/3/2018 6:00,0,0
1/3/2018 7:00,0,0
1/3/2018 8:00,0,0
1/3/2018 9:00,0,0
1/3/2018 10:00,0,0
1/3/2018 11:00,0,0
1/3/2018 12:00,0,0
1/3/2018 13:00,0,0
1/3/2018 14:00,0,0
1/3/2018 15:00,0,0
1/3/2018 16:00,0,0
1/3/2018 17:00,0,0
1/3/2018 18:00,0,0
1/3/2018 19:00,0,0
1/3/2018 20:00,0,0
1/3/2018 21:00,0,0
1/3/2018 22:00,0,0
1/3/2018 23:00,0,0
1/4/2018 0:00,0.004028661,-0.02565473
1/4/2018 1:00,0,0
1/4/2018 2:00,0,0
1/4/2018 3:00,0,0
1/4/2018 4:00,0,0
1/4/2018 5:00,0,0
1/4/2018 6:00,0,0
1/4/2018 7:00,0,0
1/4/2018 8:00,0,0
1/4/2018 9:00,0,0
1/4/2018 10:00,0,0
1/4/2018 11:00,0,0
1/4/2018 12:00,0,0
1/4/2018 13:00,0,0
1/4/2018 14:00,0,0
1/4/2018 15:00,0,0
1/4/2018 16:00,0,0
1/4/2018 17:00,0,0
1/4/2018 18:00,0,0
1/4/2018 19:00,0,0
1/4/2018 20:00,0,0
1/4/2018 21:00,0,0
1/4/2018 22:00,0,0
1/4/2018 23:00,0,0
1/5/2018 0:00,0.0070338,0.004936917
1/5/2018 1:00,0,0
1/5/2018 2:00,0,0
1/5/2018 3:00,0,0
1/5/2018 4:00,0,0
1/5/2018 5:00,0,0
1/5/2018 6:00,0,0
1/5/2018 7:00,0,0
1/5/2018 8:00,0,0
1/5/2018 9:00,0,0
1/5/2018 10:00,0,0
1/5/2018 11:00,0,0
1/5/2018 12:00,0,0
1/5/2018 13:00,0,0
1/5/2018 14:00,0,0
1/5/2018 15:00,0,0
1/5/2018 16:00,0,0
1/5/2018 17:00,0,0
1/5/2018 18:00,0,0
1/5/2018 19:00,0,0
1/5/2018 20:00,0,0
1/5/2018 21:00,0,0
1/5/2018 22:00,0,0
1/5/2018 23:00,0,0
1/6/2018 0:00,0,0
1/6/2018 1:00,0,0
1/6/2018 2:00,0,0
1/6/2018 3:00,0,0
1/6/2018 4:00,0,0
1/6/2018 5:00,0,0
1/6/2018 6:00,0,0
1/6/2018 7:00,0,0
1/6/2018 8:00,0,0
1/6/2018 9:00,0,0
1/6/2018 10:00,0,0
1/6/2018 11:00,0,0
1/6/2018 12:00,0,0
1/6/2018 13:00,0,0
1/6/2018 14:00,0,0
1/6/2018 15:00,0,0
1/6/2018 16:00,0,0
1/6/2018 17:00,0,0
1/6/2018 18:00,0,0
1/6/2018 19:00,0,0
1/6/2018 20:00,0,0
1/6/2018 21:00,0,0
1/6/2018 22:00,0,0
1/6/2018 23:00,0,0
1/7/2018 0:00,0,0
1/7/2018 1:00,0,0
1/7/2018 2:00,0,0
1/7/2018 3:00,0,0
1/7/2018 4:00,0,0
1/7/2018 5:00,0,0
1/7/2018 6:00,0,0
1/7/2018 7:00,0,0
1/7/2018 8:00,0,0
1/7/2018 9:00,0,0
1/7/2018 10:00,0,0
1/7/2018 11:00,0,0
1/7/2018 12:00,0,0
1/7/2018 13:00,0,0
1/7/2018 14:00,0,0
1/7/2018 15:00,0,0
1/7/2018 16:00,0,0
1/7/2018 17:00,0,0
1/7/2018 18:00,0,0
1/7/2018 19:00,0,0
1/7/2018 20:00,0,0
1/7/2018 21:00,0,0
1/7/2018 22:00,0,0
1/7/2018 23:00,0,0
1/8/2018 0:00,0.001662323,0.044213974
1/8/2018 1:00,0,0
1/8/2018 2:00,0,0
1/8/2018 3:00,0,0
1/8/2018 4:00,0,0
1/8/2018 5:00,0,0
1/8/2018 6:00,0,0
1/8/2018 7:00,0,0
1/8/2018 8:00,0,0
1/8/2018 9:00,0,0
1/8/2018 10:00,0,0
1/8/2018 11:00,0,0
1/8/2018 12:00,0,0
1/8/2018 13:00,0,0
1/8/2018 14:00,0,0
1/8/2018 15:00,0,0
1/8/2018 16:00,0,0
1/8/2018 17:00,0,0
1/8/2018 18:00,0,0
1/8/2018 19:00,0,0
1/8/2018 20:00,0,0
1/8/2018 21:00,0,0
1/8/2018 22:00,0,0
1/8/2018 23:00,0,0
1/9/2018 0:00,0.001302903,0.01881861
1/9/2018 1:00,0,0
1/9/2018 2:00,0,0
1/9/2018 3:00,0,0
1/9/2018 4:00,0,0
1/9/2018 5:00,0,0
1/9/2018 6:00,0,0
1/9/2018 7:00,0,0
1/9/2018 8:00,0,0
1/9/2018 9:00,0,0
1/9/2018 10:00,0,0
1/9/2018 11:00,0,0
1/9/2018 12:00,0,0
1/9/2018 13:00,0,0
1/9/2018 14:00,0,0
1/9/2018 15:00,0,0
1/9/2018 16:00,0,0
1/9/2018 17:00,0,0
1/9/2018 18:00,0,0
1/9/2018 19:00,0,0
1/9/2018 20:00,0,0
1/9/2018 21:00,0,0
1/9/2018 22:00,0,0
1/9/2018 23:00,0,0
1/10/2018 0:00,-0.001112206,0.02257568
1/10/2018 1:00,0,0
1/10/2018 2:00,0,0
1/10/2018 3:00,0,0
1/10/2018 4:00,0,0
1/10/2018 5:00,0,0
1/10/2018 6:00,0,0
1/10/2018 7:00,0,0
1/10/2018 8:00,0,0
1/10/2018 9:00,0,0
1/10/2018 10:00,0,0
1/10/2018 11:00,0,0
1/10/2018 12:00,0,0
1/10/2018 13:00,0,0
1/10/2018 14:00,0,0
1/10/2018 15:00,0,0
1/10/2018 16:00,0,0
1/10/2018 17:00,0,0
1/10/2018 18:00,0,0
1/10/2018 19:00,0,0
1/10/2018 20:00,0,0
1/10/2018 21:00,0,0
1/10/2018 22:00,0,0
1/10/2018 23:00,0,0
1/11/2018 0:00,0.007033618,-0.018063221
1/11/2018 1:00,0,0
1/11/2018 2:00,0,0
1/11/2018 3:00,0,0
1/11/2018 4:00,0,0
1/11/2018 5:00,0,0
1/11/2018 6:00,0,0
1/11/2018 7:00,0,0
1/11/2018 8:00,0,0
1/11/2018 9:00,0,0
1/11/2018 10:00,0,0
1/11/2018 11:00,0,0
1/11/2018 12:00,0,0
1/11/2018 13:00,0,0
1/11/2018 14:00,0,0
1/11/2018 15:00,0,0
1/11/2018 16:00,0,0
1/11/2018 17:00,0,0
1/11/2018 18:00,0,0
1/11/2018 19:00,0,0
1/11/2018 20:00,0,0
1/11/2018 21:00,0,0
1/11/2018 22:00,0,0
1/11/2018 23:00,0,0
1/12/2018 0:00,0.006749628,0.016862545
1/12/2018 1:00,0,0
1/12/2018 2:00,0,0
1/12/2018 3:00,0,0
1/12/2018 4:00,0,0
1/12/2018 5:00,0,0
1/12/2018 6:00,0,0
1/12/2018 7:00,0,0
1/12/2018 8:00,0,0
1/12/2018 9:00,0,0
1/12/2018 10:00,0,0
1/12/2018 11:00,0,0
1/12/2018 12:00,0,0
1/12/2018 13:00,0,0
1/12/2018 14:00,0,0
1/12/2018 15:00,0,0
1/12/2018 16:00,0,0
1/12/2018 17:00,0,0
1/12/2018 18:00,0,0
1/12/2018 19:00,0,0
1/12/2018 20:00,0,0
1/12/2018 21:00,0,0
1/12/2018 22:00,0,0
1/12/2018 23:00,0,0
1/13/2018 0:00,0,0
1/13/2018 1:00,0,0
1/13/2018 2:00,0,0
1/13/2018 3:00,0,0
1/13/2018 4:00,0,0
1/13/2018 5:00,0,0
1/13/2018 6:00,0,0
1/13/2018 7:00,0,0
1/13/2018 8:00,0,0
1/13/2018 9:00,0,0
1/13/2018 10:00,0,0
1/13/2018 11:00,0,0
1/13/2018 12:00,0,0
1/13/2018 13:00,0,0
1/13/2018 14:00,0,0
1/13/2018 15:00,0,0
1/13/2018 16:00,0,0
1/13/2018 17:00,0,0
1/13/2018 18:00,0,0
1/13/2018 19:00,0,0
1/13/2018 20:00,0,0
1/13/2018 21:00,0,0
1/13/2018 22:00,0,0
1/13/2018 23:00,0,0
1/14/2018 0:00,0,0
1/14/2018 1:00,0,0
1/14/2018 2:00,0,0
1/14/2018 3:00,0,0
1/14/2018 4:00,0,0
1/14/2018 5:00,0,0
1/14/2018 6:00,0,0
1/14/2018 7:00,0,0
1/14/2018 8:00,0,0
1/14/2018 9:00,0,0
1/14/2018 10:00,0,0
1/14/2018 11:00,0,0
1/14/2018 12:00,0,0
1/14/2018 13:00,0,0
1/14/2018 14:00,0,0
1/14/2018 15:00,0,0
1/14/2018 16:00,0,0
1/14/2018 17:00,0,0
1/14/2018 18:00,0,0
1/14/2018 19:00,0,0
1/14/2018 20:00,0,0
1/14/2018 21:00,0,0
1/14/2018 22:00,0,0
1/14/2018 23:00,0,0
1/15/2018 0:00,0,0
1/15/2018 1:00,0,0
1/15/2018 2:00,0,0
1/15/2018 3:00,0,0
1/15/2018 4:00,0,0
1/15/2018 5:00,0,0
1/15/2018 6:00,0,0
1/15/2018 7:00,0,0
1/15/2018 8:00,0,0
1/15/2018 9:00,0,0
1/15/2018 10:00,0,0
1/15/2018 11:00,0,0
1/15/2018 12:00,0,0
1/15/2018 13:00,0,0
1/15/2018 14:00,0,0
1/15/2018 15:00,0,0
1/15/2018 16:00,0,0
1/15/2018 17:00,0,0
1/15/2018 18:00,0,0
1/15/2018 19:00,0,0
1/15/2018 20:00,0,0
1/15/2018 21:00,0,0
1/15/2018 22:00,0,0
1/15/2018 23:00,0,0
1/16/2018 0:00,-0.003524463,0.109547739
1/16/2018 1:00,0,0
1/16/2018 2:00,0,0
1/16/2018 3:00,0,0
1/16/2018 4:00,0,0
1/16/2018 5:00,0,0
1/16/2018 6:00,0,0
1/16/2018 7:00,0,0
1/16/2018 8:00,0,0
1/16/2018 9:00,0,0
1/16/2018 10:00,0,0
1/16/2018 11:00,0,0
1/16/2018 12:00,0,0
1/16/2018 13:00,0,0
1/16/2018 14:00,0,0
1/16/2018 15:00,0,0
1/16/2018 16:00,0,0
1/16/2018 17:00,0,0
1/16/2018 18:00,0,0
1/16/2018 19:00,0,0
1/16/2018 20:00,0,0
1/16/2018 21:00,0,0
1/16/2018 22:00,0,0
1/16/2018 23:00,0,0
1/17/2018 0:00,0.009415002,0.053442029
1/17/2018 1:00,0,0
1/17/2018 2:00,0,0
1/17/2018 3:00,0,0
1/17/2018 4:00,0,0
1/17/2018 5:00,0,0
1/17/2018 6:00,0,0
1/17/2018 7:00,0,0
1/17/2018 8:00,0,0
1/17/2018 9:00,0,0
1/17/2018 10:00,0,0
1/17/2018 11:00,0,0
1/17/2018 12:00,0,0
1/17/2018 13:00,0,0
1/17/2018 14:00,0,0
1/17/2018 15:00,0,0
1/17/2018 16:00,0,0
1/17/2018 17:00,0,0
1/17/2018 18:00,0,0
1/17/2018 19:00,0,0
1/17/2018 20:00,0,0
1/17/2018 21:00,0,0
1/17/2018 22:00,0,0
1/17/2018 23:00,0,0
1/18/2018 0:00,-0.001616379,0.041702494
1/18/2018 1:00,0,0
1/18/2018 2:00,0,0
1/18/2018 3:00,0,0
1/18/2018 4:00,0,0
1/18/2018 5:00,0,0
1/18/2018 6:00,0,0
1/18/2018 7:00,0,0
1/18/2018 8:00,0,0
1/18/2018 9:00,0,0
1/18/2018 10:00,0,0
1/18/2018 11:00,0,0
1/18/2018 12:00,0,0
1/18/2018 13:00,0,0
1/18/2018 14:00,0,0
1/18/2018 15:00,0,0
1/18/2018 16:00,0,0
1/18/2018 17:00,0,0
1/18/2018 18:00,0,0
1/18/2018 19:00,0,0
1/18/2018 20:00,0,0
1/18/2018 21:00,0,0
1/18/2018 22:00,0,0
1/18/2018 23:00,0,0
1/19/2018 0:00,0.004385228,-0.02723896
1/19/2018 1:00,0,0
1/19/2018 2:00,0,0
1/19/2018 3:00,0,0
1/19/2018 4:00,0,0
1/19/2018 5:00,0,0
1/19/2018 6:00,0,0
1/19/2018 7:00,0,0
1/19/2018 8:00,0,0
1/19/2018 9:00,0,0
1/19/2018 10:00,0,0
1/19/2018 11:00,0,0
1/19/2018 12:00,0,0
1/19/2018 13:00,0,0
1/19/2018 14:00,0,0
1/19/2018 15:00,0,0
1/19/2018 16:00,0,0
1/19/2018 17:00,0,0
1/19/2018 18:00,0,0
1/19/2018 19:00,0,0
1/19/2018 20:00,0,0
1/19/2018 21:00,0,0
1/19/2018 22:00,0,0
1/19/2018 23:00,0,0
1/20/2018 0:00,0,0
1/20/2018 1:00,0,0
1/20/2018 2:00,0,0
1/20/2018 3:00,0,0
1/20/2018 4:00,0,0
1/20/2018 5:00,0,0
1/20/2018 6:00,0,0
1/20/2018 7:00,0,0
1/20/2018 8:00,0,0
1/20/2018 9:00,0,0
1/20/2018 10:00,0,0
1/20/2018 11:00,0,0
1/20/2018 12:00,0,0
1/20/2018 13:00,0,0
1/20/2018 14:00,0,0
1/20/2018 15:00,0,0
1/20/2018 16:00,0,0
1/20/2018 17:00,0,0
1/20/2018 18:00,0,0
1/20/2018 19:00,0,0
1/20/2018 20:00,0,0
1/20/2018 21:00,0,0
1/20/2018 22:00,0,0
1/20/2018 23:00,0,0
1/21/2018 0:00,0,0
1/21/2018 1:00,0,0
1/21/2018 2:00,0,0
1/21/2018 3:00,0,0
1/21/2018 4:00,0,0
1/21/2018 5:00,0,0
1/21/2018 6:00,0,0
1/21/2018 7:00,0,0
1/21/2018 8:00,0,0
1/21/2018 9:00,0,0
1/21/2018 10:00,0,0
1/21/2018 11:00,0,0
1/21/2018 12:00,0,0
1/21/2018 13:00,0,0
1/21/2018 14:00,0,0
1/21/2018 15:00,0,0
1/21/2018 16:00,0,0
1/21/2018 17:00,0,0
1/21/2018 18:00,0,0
1/21/2018 19:00,0,0
1/21/2018 20:00,0,0
1/21/2018 21:00,0,0
1/21/2018 22:00,0,0
1/21/2018 23:00,0,0
1/22/2018 0:00,0.008066754,-0.040305473
1/22/2018 1:00,0,0
1/22/2018 2:00,0,0
1/22/2018 3:00,0,0
1/22/2018 4:00,0,0
1/22/2018 5:00,0,0
1/22/2018 6:00,0,0
1/22/2018 7:00,0,0
1/22/2018 8:00,0,0
1/22/2018 9:00,0,0
1/22/2018 10:00,0,0
1/22/2018 11:00,0,0
1/22/2018 12:00,0,0
1/22/2018 13:00,0,0
1/22/2018 14:00,0,0
1/22/2018 15:00,0,0
1/22/2018 16:00,0,0
1/22/2018 17:00,0,0
1/22/2018 18:00,0,0
1/22/2018 19:00,0,0
1/22/2018 20:00,0,0
1/22/2018 21:00,0,0
1/22/2018 22:00,0,0
1/22/2018 23:00,0,0
1/23/2018 0:00,0.002174396,-0.033156499
1/23/2018 1:00,0,0
1/23/2018 2:00,0,0
1/23/2018 3:00,0,0
1/23/2018 4:00,0,0
1/23/2018 5:00,0,0
1/23/2018 6:00,0,0
1/23/2018 7:00,0,0
1/23/2018 8:00,0,0
1/23/2018 9:00,0,0
1/23/2018 10:00,0,0
1/23/2018 11:00,0,0
1/23/2018 12:00,0,0
1/23/2018 13:00,0,0
1/23/2018 14:00,0,0
1/23/2018 15:00,0,0
1/23/2018 16:00,0,0
1/23/2018 17:00,0,0
1/23/2018 18:00,0,0
1/23/2018 19:00,0,0
1/23/2018 20:00,0,0
1/23/2018 21:00,0,0
1/23/2018 22:00,0,0
1/23/2018 23:00,0,0
1/24/2018 0:00,-0.000560031,0.027434842
1/24/2018 1:00,0,0
1/24/2018 2:00,0,0
1/24/2018 3:00,0,0
1/24/2018 4:00,0,0
1/24/2018 5:00,0,0
1/24/2018 6:00,0,0
1/24/2018 7:00,0,0
1/24/2018 8:00,0,0
1/24/2018 9:00,0,0
1/24/2018 10:00,0,0
1/24/2018 11:00,0,0
1/24/2018 12:00,0,0
1/24/2018 13:00,0,0
1/24/2018 14:00,0,0
1/24/2018 15:00,0,0
1/24/2018 16:00,0,0
1/24/2018 17:00,0,0
1/24/2018 18:00,0,0
1/24/2018 19:00,0,0
1/24/2018 20:00,0,0
1/24/2018 21:00,0,0
1/24/2018 22:00,0,0
1/24/2018 23:00,0,0
1/25/2018 0:00,0.000602635,0.016911437
1/25/2018 1:00,0,0
1/25/2018 2:00,0,0
1/25/2018 3:00,0,0
1/25/2018 4:00,0,0
1/25/2018 5:00,0,0
1/25/2018 6:00,0,0
1/25/2018 7:00,0,0
1/25/2018 8:00,0,0
1/25/2018 9:00,0,0
1/25/2018 10:00,0,0
1/25/2018 11:00,0,0
1/25/2018 12:00,0,0
1/25/2018 13:00,0,0
1/25/2018 14:00,0,0
1/25/2018 15:00,0,0
1/25/2018 16:00,0,0
1/25/2018 17:00,0,0
1/25/2018 18:00,0,0
1/25/2018 19:00,0,0
1/25/2018 20:00,0,0
1/25/2018 21:00,0,0
1/25/2018 22:00,0,0
1/25/2018 23:00,0,0
1/26/2018 0:00,0.011841155,-0.01619256
1/26/2018 1:00,0,0
1/26/2018 2:00,0,0
1/26/2018 3:00,0,0
1/26/2018 4:00,0,0
1/26/2018 5:00,0,0
1/26/2018 6:00,0,0
1/26/2018 7:00,0,0
1/26/2018 8:00,0,0
1/26/2018 9:00,0,0
1/26/2018 10:00,0,0
1/26/2018 11:00,0,0
1/26/2018 12:00,0,0
1/26/2018 13:00,0,0
1/26/2018 14:00,0,0
1/26/2018 15:00,0,0
1/26/2018 16:00,0,0
1/26/2018 17:00,0,0
1/26/2018 18:00,0,0
1/26/2018 19:00,0,0
1/26/2018 20:00,0,0
1/26/2018 21:00,0,0
1/26/2018 22:00,0,0
1/26/2018 23:00,0,0
1/27/2018 0:00,0,0
1/27/2018 1:00,0,0
1/27/2018 2:00,0,0
1/27/2018 3:00,0,0
1/27/2018 4:00,0,0
1/27/2018 5:00,0,0
1/27/2018 6:00,0,0
1/27/2018 7:00,0,0
1/27/2018 8:00,0,0
1/27/2018 9:00,0,0
1/27/2018 10:00,0,0
1/27/2018 11:00,0,0
1/27/2018 12:00,0,0
1/27/2018 13:00,0,0
1/27/2018 14:00,0,0
1/27/2018 15:00,0,0
1/27/2018 16:00,0,0
1/27/2018 17:00,0,0
1/27/2018 18:00,0,0
1/27/2018 19:00,0,0
1/27/2018 20:00,0,0
1/27/2018 21:00,0,0
1/27/2018 22:00,0,0
1/27/2018 23:00,0,0
1/28/2018 0:00,0,0
1/28/2018 1:00,0,0
1/28/2018 2:00,0,0
1/28/2018 3:00,0,0
1/28/2018 4:00,0,0
1/28/2018 5:00,0,0
1/28/2018 6:00,0,0
1/28/2018 7:00,0,0
1/28/2018 8:00,0,0
1/28/2018 9:00,0,0
1/28/2018 10:00,0,0
1/28/2018 11:00,0,0
1/28/2018 12:00,0,0
1/28/2018 13:00,0,0
1/28/2018 14:00,0,0
1/28/2018 15:00,0,0
1/28/2018 16:00,0,0
1/28/2018 17:00,0,0
1/28/2018 18:00,0,0
1/28/2018 19:00,0,0
1/28/2018 20:00,0,0
1/28/2018 21:00,0,0
1/28/2018 22:00,0,0
1/28/2018 23:00,0,0
1/29/2018 0:00,-0.006731944,0.136565836
1/29/2018 1:00,0,0
1/29/2018 2:00,0,0
1/29/2018 3:00,0,0
1/29/2018 4:00,0,0
1/29/2018 5:00,0,0
1/29/2018 6:00,0,0
1/29/2018 7:00,0,0
1/29/2018 8:00,0,0
1/29/2018 9:00,0,0
1/29/2018 10:00,0,0
1/29/2018 11:00,0,0
1/29/2018 12:00,0,0
1/29/2018 13:00,0,0
1/29/2018 14:00,0,0
1/29/2018 15:00,0,0
1/29/2018 16:00,0,0
1/29/2018 17:00,0,0
1/29/2018 18:00,0,0
1/29/2018 19:00,0,0
1/29/2018 20:00,0,0
1/29/2018 21:00,0,0
1/29/2018 22:00,0,0
1/29/2018 23:00,0,0
1/30/2018 0:00,-0.010898782,0.12407045
1/30/2018 1:00,0,0
1/30/2018 2:00,0,0
1/30/2018 3:00,0,0
1/30/2018 4:00,0,0
1/30/2018 5:00,0,0
1/30/2018 6:00,0,0
1/30/2018 7:00,0,0
1/30/2018 8:00,0,0
1/30/2018 9:00,0,0
1/30/2018 10:00,0,0
1/30/2018 11:00,0,0
1/30/2018 12:00,0,0
1/30/2018 13:00,0,0
1/30/2018 14:00,0,0
1/30/2018 15:00,0,0
1/30/2018 16:00,0,0
1/30/2018 17:00,0,0
1/30/2018 18:00,0,0
1/30/2018 19:00,0,0
1/30/2018 20:00,0,0
1/30/2018 21:00,0,0
1/30/2018 22:00,0,0
1/30/2018 23:00,0,0
1/31/2018 0:00,0.00048894,-0.033077994
1/31/2018 1:00,0,0
1/31/2018 2:00,0,0
1/31/2018 3:00,0,0
1/31/2018 4:00,0,0
1/31/2018 5:00,0,0
1/31/2018 6:00,0,0
1/31/2018 7:00,0,0
1/31/2018 8:00,0,0
1/31/2018 9:00,0,0
1/31/2018 10:00,0,0
1/31/2018 11:00,0,0
1/31/2018 12:00,0,0
1/31/2018 13:00,0,0
1/31/2018 14:00,0,0
1/31/2018 15:00,0,0
1/31/2018 16:00,0,0
1/31/2018 17:00,0,0
1/31/2018 18:00,0,0
1/31/2018 19:00,0,0
1/31/2018 20:00,0,0
1/31/2018 21:00,0,0
1/31/2018 22:00,0,0
1/31/2018 23:00,0,0
2/1/2018 0:00,-0.000648061,-0.045012604
2/1/2018 1:00,0,0
2/1/2018 2:00,0,0
2/1/2018 3:00,0,0
2/1/2018 4:00,0,0
2/1/2018 5:00,0,0
2/1/2018 6:00,0,0
2/1/2018 7:00,0,0
2/1/2018 8:00,0,0
2/1/2018 9:00,0,0
2/1/2018 10:00,0,0
2/1/2018 11:00,0,0
2/1/2018 12:00,0,0
2/1/2018 13:00,0,0
2/1/2018 14:00,0,0
2/1/2018 15:00,0,0
2/1/2018 16:00,0,0
2/1/2018 17:00,0,0
2/1/2018 18:00,0,0
2/1/2018 19:00,0,0
2/1/2018 20:00,0,0
2/1/2018 21:00,0,0
2/1/2018 22:00,0,0
2/1/2018 23:00,0,0
2/2/2018 0:00,-0.021208513,0.167043741
2/2/2018 1:00,0,0
2/2/2018 2:00,0,0
2/2/2018 3:00,0,0
2/2/2018 4:00,0,0
2/2/2018 5:00,0,0
2/2/2018 6:00,0,0
2/2/2018 7:00,0,0
2/2/2018 8:00,0,0
2/2/2018 9:00,0,0
2/2/2018 10:00,0,0
2/2/2018 11:00,0,0
2/2/2018 12:00,0,0
2/2/2018 13:00,0,0
2/2/2018 14:00,0,0
2/2/2018 15:00,0,0
2/2/2018 16:00,0,0
2/2/2018 17:00,0,0
2/2/2018 18:00,0,0
2/2/2018 19:00,0,0
2/2/2018 20:00,0,0
2/2/2018 21:00,0,0
2/2/2018 22:00,0,0
2/2/2018 23:00,0,0
2/3/2018 0:00,0,0
2/3/2018 1:00,0,0
2/3/2018 2:00,0,0
2/3/2018 3:00,0,0
2/3/2018 4:00,0,0
2/3/2018 5:00,0,0
2/3/2018 6:00,0,0
2/3/2018 7:00,0,0
2/3/2018 8:00,0,0
2/3/2018 9:00,0,0
2/3/2018 10:00,0,0
2/3/2018 11:00,0,0
2/3/2018 12:00,0,0
2/3/2018 13:00,0,0
2/3/2018 14:00,0,0
2/3/2018 15:00,0,0
2/3/2018 16:00,0,0
2/3/2018 17:00,0,0
2/3/2018 18:00,0,0
2/3/2018 19:00,0,0
2/3/2018 20:00,0,0
2/3/2018 21:00,0,0
2/3/2018 22:00,0,0
2/3/2018 23:00,0,0
2/4/2018 0:00,0,0
2/4/2018 1:00,0,0
2/4/2018 2:00,0,0
2/4/2018 3:00,0,0
2/4/2018 4:00,0,0
2/4/2018 5:00,0,0
2/4/2018 6:00,0,0
2/4/2018 7:00,0,0
2/4/2018 8:00,0,0
2/4/2018 9:00,0,0
2/4/2018 10:00,0,0
2/4/2018 11:00,0,0
2/4/2018 12:00,0,0
2/4/2018 13:00,0,0
2/4/2018 14:00,0,0
2/4/2018 15:00,0,0
2/4/2018 16:00,0,0
2/4/2018 17:00,0,0
2/4/2018 18:00,0,0
2/4/2018 19:00,0,0
2/4/2018 20:00,0,0
2/4/2018 21:00,0,0
2/4/2018 22:00,0,0
2/4/2018 23:00,0,0
2/5/2018 0:00,-0.040979244,0.801615509
2/5/2018 1:00,0,0
2/5/2018 2:00,0,0
2/5/2018 3:00,0,0
2/5/2018 4:00,0,0
2/5/2018 5:00,0,0
2/5/2018 6:00,0,0
2/5/2018 7:00,0,0
2/5/2018 8:00,0,0
2/5/2018 9:00,0,0
2/5/2018 10:00,0,0
2/5/2018 11:00,0,0
2/5/2018 12:00,0,0
2/5/2018 13:00,0,0
2/5/2018 14:00,0,0
2/5/2018 15:00,0,0
2/5/2018 16:00,0,0
2/5/2018 17:00,0,0
2/5/2018 18:00,0,0
2/5/2018 19:00,0,0
2/5/2018 20:00,0,0
2/5/2018 21:00,0,0
2/5/2018 22:00,0,0
2/5/2018 23:00,0,0
2/6/2018 0:00,0.017440939,0.206958393
2/6/2018 1:00,0,0
2/6/2018 2:00,0,0
2/6/2018 3:00,0,0
2/6/2018 4:00,0,0
2/6/2018 5:00,0,0
2/6/2018 6:00,0,0
2/6/2018 7:00,0,0
2/6/2018 8:00,0,0
2/6/2018 9:00,0,0
2/6/2018 10:00,0,0
2/6/2018 11:00,0,0
2/6/2018 12:00,0,0
2/6/2018 13:00,0,0
2/6/2018 14:00,0,0
2/6/2018 15:00,0,0
2/6/2018 16:00,0,0
2/6/2018 17:00,0,0
2/6/2018 18:00,0,0
2/6/2018 19:00,0,0
2/6/2018 20:00,0,0
2/6/2018 21:00,0,0
2/6/2018 22:00,0,0
2/6/2018 23:00,0,0
2/7/2018 0:00,-0.005001595,-0.121693908
2/7/2018 1:00,0,0
2/7/2018 2:00,0,0
2/7/2018 3:00,0,0
2/7/2018 4:00,0,0
2/7/2018 5:00,0,0
2/7/2018 6:00,0,0
2/7/2018 7:00,0,0
2/7/2018 8:00,0,0
2/7/2018 9:00,0,0
2/7/2018 10:00,0,0
2/7/2018 11:00,0,0
2/7/2018 12:00,0,0
2/7/2018 13:00,0,0
2/7/2018 14:00,0,0
2/7/2018 15:00,0,0
2/7/2018 16:00,0,0
2/7/2018 17:00,0,0
2/7/2018 18:00,0,0
2/7/2018 19:00,0,0
2/7/2018 20:00,0,0
2/7/2018 21:00,0,0
2/7/2018 22:00,0,0
2/7/2018 23:00,0,0
2/8/2018 0:00,-0.037536451,0.027744882
2/8/2018 1:00,0,0
2/8/2018 2:00,0,0
2/8/2018 3:00,0,0
2/8/2018 4:00,0,0
2/8/2018 5:00,0,0
2/8/2018 6:00,0,0
2/8/2018 7:00,0,0
2/8/2018 8:00,0,0
2/8/2018 9:00,0,0
2/8/2018 10:00,0,0
2/8/2018 11:00,0,0
2/8/2018 12:00,0,0
2/8/2018 13:00,0,0
2/8/2018 14:00,0,0
2/8/2018 15:00,0,0
2/8/2018 16:00,0,0
2/8/2018 17:00,0,0
2/8/2018 18:00,0,0
2/8/2018 19:00,0,0
2/8/2018 20:00,0,0
2/8/2018 21:00,0,0
2/8/2018 22:00,0,0
2/8/2018 23:00,0,0
2/9/2018 0:00,0.014936071,0.008065844
2/9/2018 1:00,0,0
2/9/2018 2:00,0,0
2/9/2018 3:00,0,0
2/9/2018 4:00,0,0
2/9/2018 5:00,0,0
2/9/2018 6:00,0,0
2/9/2018 7:00,0,0
2/9/2018 8:00,0,0
2/9/2018 9:00,0,0
2/9/2018 10:00,0,0
2/9/2018 11:00,0,0
2/9/2018 12:00,0,0
2/9/2018 13:00,0,0
2/9/2018 14:00,0,0
2/9/2018 15:00,0,0
2/9/2018 16:00,0,0
2/9/2018 17:00,0,0
2/9/2018 18:00,0,0
2/9/2018 19:00,0,0
2/9/2018 20:00,0,0
2/9/2018 21:00,0,0
2/9/2018 22:00,0,0
2/9/2018 23:00,0,0
2/10/2018 0:00,0,0
2/10/2018 1:00,0,0
2/10/2018 2:00,0,0
2/10/2018 3:00,0,0
2/10/2018 4:00,0,0
2/10/2018 5:00,0,0
2/10/2018 6:00,0,0
2/10/2018 7:00,0,0
2/10/2018 8:00,0,0
2/10/2018 9:00,0,0
2/10/2018 10:00,0,0
2/10/2018 11:00,0,0
2/10/2018 12:00,0,0
2/10/2018 13:00,0,0
2/10/2018 14:00,0,0
2/10/2018 15:00,0,0
2/10/2018 16:00,0,0
2/10/2018 17:00,0,0
2/10/2018 18:00,0,0
2/10/2018 19:00,0,0
2/10/2018 20:00,0,0
2/10/2018 21:00,0,0
2/10/2018 22:00,0,0
2/10/2018 23:00,0,0
2/11/2018 0:00,0,0
2/11/2018 1:00,0,0
2/11/2018 2:00,0,0
2/11/2018 3:00,0,0
2/11/2018 4:00,0,0
2/11/2018 5:00,0,0
2/11/2018 6:00,0,0
2/11/2018 7:00,0,0
2/11/2018 8:00,0,0
2/11/2018 9:00,0,0
2/11/2018 10:00,0,0
2/11/2018 11:00,0,0
2/11/2018 12:00,0,0
2/11/2018 13:00,0,0
2/11/2018 14:00,0,0
2/11/2018 15:00,0,0
2/11/2018 16:00,0,0
2/11/2018 17:00,0,0
2/11/2018 18:00,0,0
2/11/2018 19:00,0,0
2/11/2018 20:00,0,0
2/11/2018 21:00,0,0
2/11/2018 22:00,0,0
2/11/2018 23:00,0,0
2/12/2018 0:00,0.013914604,-0.136838668
2/12/2018 1:00,0,0
2/12/2018 2:00,0,0
2/12/2018 3:00,0,0
2/12/2018 4:00,0,0
2/12/2018 5:00,0,0
2/12/2018 6:00,0,0
2/12/2018 7:00,0,0
2/12/2018 8:00,0,0
2/12/2018 9:00,0,0
2/12/2018 10:00,0,0
2/12/2018 11:00,0,0
2/12/2018 12:00,0,0
2/12/2018 13:00,0,0
2/12/2018 14:00,0,0
2/12/2018 15:00,0,0
2/12/2018 16:00,0,0
2/12/2018 17:00,0,0
2/12/2018 18:00,0,0
2/12/2018 19:00,0,0
2/12/2018 20:00,0,0
2/12/2018 21:00,0,0
2/12/2018 22:00,0,0
2/12/2018 23:00,0,0
2/13/2018 0:00,0.002612952,-0.017972002
2/13/2018 1:00,0,0
2/13/2018 2:00,0,0
2/13/2018 3:00,0,0
2/13/2018 4:00,0,0
2/13/2018 5:00,0,0
2/13/2018 6:00,0,0
2/13/2018 7:00,0,0
2/13/2018 8:00,0,0
2/13/2018 9:00,0,0
2/13/2018 10:00,0,0
2/13/2018 11:00,0,0
2/13/2018 12:00,0,0
2/13/2018 13:00,0,0
2/13/2018 14:00,0,0
2/13/2018 15:00,0,0
2/13/2018 16:00,0,0
2/13/2018 17:00,0,0
2/13/2018 18:00,0,0
2/13/2018 19:00,0,0
2/13/2018 20:00,0,0
2/13/2018 21:00,0,0
2/13/2018 22:00,0,0
2/13/2018 23:00,0,0
2/14/2018 0:00,0.01340248,-0.176651898
2/14/2018 1:00,0,0
2/14/2018 2:00,0,0
2/14/2018 3:00,0,0
2/14/2018 4:00,0,0
2/14/2018 5:00,0,0
2/14/2018 6:00,0,0
2/14/2018 7:00,0,0
2/14/2018 8:00,0,0
2/14/2018 9:00,0,0
2/14/2018 10:00,0,0
2/14/2018 11:00,0,0
2/14/2018 12:00,0,0
2/14/2018 13:00,0,0
2/14/2018 14:00,0,0
2/14/2018 15:00,0,0
2/14/2018 16:00,0,0
2/14/2018 17:00,0,0
2/14/2018 18:00,0,0
2/14/2018 19:00,0,0
2/14/2018 20:00,0,0
2/14/2018 21:00,0,0
2/14/2018 22:00,0,0
2/14/2018 23:00,0,0
2/15/2018 0:00,0.012069087,-0.122133832
2/15/2018 1:00,0,0
2/15/2018 2:00,0,0
2/15/2018 3:00,0,0
2/15/2018 4:00,0,0
2/15/2018 5:00,0,0
2/15/2018 6:00,0,0
2/15/2018 7:00,0,0
2/15/2018 8:00,0,0
2/15/2018 9:00,0,0
2/15/2018 10:00,0,0
2/15/2018 11:00,0,0
2/15/2018 12:00,0,0
2/15/2018 13:00,0,0
2/15/2018 14:00,0,0
2/15/2018 15:00,0,0
2/15/2018 16:00,0,0
2/15/2018 17:00,0,0
2/15/2018 18:00,0,0
2/15/2018 19:00,0,0
2/15/2018 20:00,0,0
2/15/2018 21:00,0,0
2/15/2018 22:00,0,0
2/15/2018 23:00,0,0
2/16/2018 0:00,0.000373462,0.018123667
2/16/2018 1:00,0,0
2/16/2018 2:00,0,0
2/16/2018 3:00,0,0
2/16/2018 4:00,0,0
2/16/2018 5:00,0,0
2/16/2018 6:00,0,0
2/16/2018 7:00,0,0
2/16/2018 8:00,0,0
2/16/2018 9:00,0,0
2/16/2018 10:00,0,0
2/16/2018 11:00,0,0
2/16/2018 12:00,0,0
2/16/2018 13:00,0,0
2/16/2018 14:00,0,0
2/16/2018 15:00,0,0
2/16/2018 16:00,0,0
2/16/2018 17:00,0,0
2/16/2018 18:00,0,0
2/16/2018 19:00,0,0
2/16/2018 20:00,0,0
2/16/2018 21:00,0,0
2/16/2018 22:00,0,0
2/16/2018 23:00,0,0
2/17/2018 0:00,0,0
2/17/2018 1:00,0,0
2/17/2018 2:00,0,0
2/17/2018 3:00,0,0
2/17/2018 4:00,0,0
2/17/2018 5:00,0,0
2/17/2018 6:00,0,0
2/17/2018 7:00,0,0
2/17/2018 8:00,0,0
2/17/2018 9:00,0,0
2/17/2018 10:00,0,0
2/17/2018 11:00,0,0
2/17/2018 12:00,0,0
2/17/2018 13:00,0,0
2/17/2018 14:00,0,0
2/17/2018 15:00,0,0
2/17/2018 16:00,0,0
2/17/2018 17:00,0,0
2/17/2018 18:00,0,0
2/17/2018 19:00,0,0
2/17/2018 20:00,0,0
2/17/2018 21:00,0,0
2/17/2018 22:00,0,0
2/17/2018 23:00,0,0
2/18/2018 0:00,0,0
2/18/2018 1:00,0,0
2/18/2018 2:00,0,0
2/18/2018 3:00,0,0
2/18/2018 4:00,0,0
2/18/2018 5:00,0,0
2/18/2018 6:00,0,0
2/18/2018 7:00,0,0
2/18/2018 8:00,0,0
2/18/2018 9:00,0,0
2/18/2018 10:00,0,0
2/18/2018 11:00,0,0
2/18/2018 12:00,0,0
2/18/2018 13:00,0,0
2/18/2018 14:00,0,0
2/18/2018 15:00,0,0
2/18/2018 16:00,0,0
2/18/2018 17:00,0,0
2/18/2018 18:00,0,0
2/18/2018 19:00,0,0
2/18/2018 20:00,0,0
2/18/2018 21:00,0,0
2/18/2018 22:00,0,0
2/18/2018 23:00,0,0
2/19/2018 0:00,0,0
2/19/2018 1:00,0,0
2/19/2018 2:00,0,0
2/19/2018 3:00,0,0
2/19/2018 4:00,0,0
2/19/2018 5:00,0,0
2/19/2018 6:00,0,0
2/19/2018 7:00,0,0
2/19/2018 8:00,0,0
2/19/2018 9:00,0,0
2/19/2018 10:00,0,0
2/19/2018 11:00,0,0
2/19/2018 12:00,0,0
2/19/2018 13:00,0,0
2/19/2018 14:00,0,0
2/19/2018 15:00,0,0
2/19/2018 16:00,0,0
2/19/2018 17:00,0,0
2/19/2018 18:00,0,0
2/19/2018 19:00,0,0
2/19/2018 20:00,0,0
2/19/2018 21:00,0,0
2/19/2018 22:00,0,0
2/19/2018 23:00,0,0
2/20/2018 0:00,-0.005841404,0.076701571
2/20/2018 1:00,0,0
2/20/2018 2:00,0,0
2/20/2018 3:00,0,0
2/20/2018 4:00,0,0
2/20/2018 5:00,0,0
2/20/2018 6:00,0,0
2/20/2018 7:00,0,0
2/20/2018 8:00,0,0
2/20/2018 9:00,0,0
2/20/2018 10:00,0,0
2/20/2018 11:00,0,0
2/20/2018 12:00,0,0
2/20/2018 13:00,0,0
2/20/2018 14:00,0,0
2/20/2018 15:00,0,0
2/20/2018 16:00,0,0
2/20/2018 17:00,0,0
2/20/2018 18:00,0,0
2/20/2018 19:00,0,0
2/20/2018 20:00,0,0
2/20/2018 21:00,0,0
2/20/2018 22:00,0,0
2/20/2018 23:00,0,0
2/21/2018 0:00,-0.005496528,-0.008509604
2/21/2018 1:00,0,0
2/21/2018 2:00,0,0
2/21/2018 3:00,0,0
2/21/2018 4:00,0,0
2/21/2018 5:00,0,0
2/21/2018 6:00,0,0
2/21/2018 7:00,0,0
2/21/2018 8:00,0,0
2/21/2018 9:00,0,0
2/21/2018 10:00,0,0
2/21/2018 11:00,0,0
2/21/2018 12:00,0,0
2/21/2018 13:00,0,0
2/21/2018 14:00,0,0
2/21/2018 15:00,0,0
2/21/2018 16:00,0,0
2/21/2018 17:00,0,0
2/21/2018 18:00,0,0
2/21/2018 19:00,0,0
2/21/2018 20:00,0,0
2/21/2018 21:00,0,0
2/21/2018 22:00,0,0
2/21/2018 23:00,0,0
2/22/2018 0:00,0.000973594,-0.036537518
2/22/2018 1:00,0,0
2/22/2018 2:00,0,0
2/22/2018 3:00,0,0
2/22/2018 4:00,0,0
2/22/2018 5:00,0,0
2/22/2018 6:00,0,0
2/22/2018 7:00,0,0
2/22/2018 8:00,0,0
2/22/2018 9:00,0,0
2/22/2018 10:00,0,0
2/22/2018 11:00,0,0
2/22/2018 12:00,0,0
2/22/2018 13:00,0,0
2/22/2018 14:00,0,0
2/22/2018 15:00,0,0
2/22/2018 16:00,0,0
2/22/2018 17:00,0,0
2/22/2018 18:00,0,0
2/22/2018 19:00,0,0
2/22/2018 20:00,0,0
2/22/2018 21:00,0,0
2/22/2018 22:00,0,0
2/22/2018 23:00,0,0
2/23/2018 0:00,0.016028344,-0.123186561
2/23/2018 1:00,0,0
2/23/2018 2:00,0,0
2/23/2018 3:00,0,0
2/23/2018 4:00,0,0
2/23/2018 5:00,0,0
2/23/2018 6:00,0,0
2/23/2018 7:00,0,0
2/23/2018 8:00,0,0
2/23/2018 9:00,0,0
2/23/2018 10:00,0,0
2/23/2018 11:00,0,0
2/23/2018 12:00,0,0
2/23/2018 13:00,0,0
2/23/2018 14:00,0,0
2/23/2018 15:00,0,0
2/23/2018 16:00,0,0
2/23/2018 17:00,0,0
2/23/2018 18:00,0,0
2/23/2018 19:00,0,0
2/23/2018 20:00,0,0
2/23/2018 21:00,0,0
2/23/2018 22:00,0,0
2/23/2018 23:00,0,0
2/24/2018 0:00,0,0
2/24/2018 1:00,0,0
2/24/2018 2:00,0,0
2/24/2018 3:00,0,0
2/24/2018 4:00,0,0
2/24/2018 5:00,0,0
2/24/2018 6:00,0,0
2/24/2018 7:00,0,0
2/24/2018 8:00,0,0
2/24/2018 9:00,0,0
2/24/2018 10:00,0,0
2/24/2018 11:00,0,0
2/24/2018 12:00,0,0
2/24/2018 13:00,0,0
2/24/2018 14:00,0,0
2/24/2018 15:00,0,0
2/24/2018 16:00,0,0
2/24/2018 17:00,0,0
2/24/2018 18:00,0,0
2/24/2018 19:00,0,0
2/24/2018 20:00,0,0
2/24/2018 21:00,0,0
2/24/2018 22:00,0,0
2/24/2018 23:00,0,0
2/25/2018 0:00,0,0
2/25/2018 1:00,0,0
2/25/2018 2:00,0,0
2/25/2018 3:00,0,0
2/25/2018 4:00,0,0
2/25/2018 5:00,0,0
2/25/2018 6:00,0,0
2/25/2018 7:00,0,0
2/25/2018 8:00,0,0
2/25/2018 9:00,0,0
2/25/2018 10:00,0,0
2/25/2018 11:00,0,0
2/25/2018 12:00,0,0
2/25/2018 13:00,0,0
2/25/2018 14:00,0,0
2/25/2018 15:00,0,0
2/25/2018 16:00,0,0
2/25/2018 17:00,0,0
2/25/2018 18:00,0,0
2/25/2018 19:00,0,0
2/25/2018 20:00,0,0
2/25/2018 21:00,0,0
2/25/2018 22:00,0,0
2/25/2018 23:00,0,0
2/26/2018 0:00,0.011756998,-0.061538462
2/26/2018 1:00,0,0
2/26/2018 2:00,0,0
2/26/2018 3:00,0,0
2/26/2018 4:00,0,0
2/26/2018 5:00,0,0
2/26/2018 6:00,0,0
2/26/2018 7:00,0,0
2/26/2018 8:00,0,0
2/26/2018 9:00,0,0
2/26/2018 10:00,0,0
2/26/2018 11:00,0,0
2/26/2018 12:00,0,0
2/26/2018 13:00,0,0
2/26/2018 14:00,0,0
2/26/2018 15:00,0,0
2/26/2018 16:00,0,0
2/26/2018 17:00,0,0
2/26/2018 18:00,0,0
2/26/2018 19:00,0,0
2/26/2018 20:00,0,0
2/26/2018 21:00,0,0
2/26/2018 22:00,0,0
2/26/2018 23:00,0,0
2/27/2018 0:00,-0.012706864,0.06464584
2/27/2018 1:00,0,0
2/27/2018 2:00,0,0
2/27/2018 3:00,0,0
2/27/2018 4:00,0,0
2/27/2018 5:00,0,0
2/27/2018 6:00,0,0
2/27/2018 7:00,0,0
2/27/2018 8:00,0,0
2/27/2018 9:00,0,0
2/27/2018 10:00,0,0
2/27/2018 11:00,0,0
2/27/2018 12:00,0,0
2/27/2018 13:00,0,0
2/27/2018 14:00,0,0
2/27/2018 15:00,0,0
2/27/2018 16:00,0,0
2/27/2018 17:00,0,0
2/27/2018 18:00,0,0
2/27/2018 19:00,0,0
2/27/2018 20:00,0,0
2/27/2018 21:00,0,0
2/27/2018 22:00,0,0
2/27/2018 23:00,0,0
2/28/2018 0:00,-0.011095807,0.101975596
2/28/2018 1:00,0,0
2/28/2018 2:00,0,0
2/28/2018 3:00,0,0
2/28/2018 4:00,0,0
2/28/2018 5:00,0,0
2/28/2018 6:00,0,0
2/28/2018 7:00,0,0
2/28/2018 8:00,0,0
2/28/2018 9:00,0,0
2/28/2018 10:00,0,0
2/28/2018 11:00,0,0
2/28/2018 12:00,0,0
2/28/2018 13:00,0,0
2/28/2018 14:00,0,0
2/28/2018 15:00,0,0
2/28/2018 16:00,0,0
2/28/2018 17:00,0,0
2/28/2018 18:00,0,0
2/28/2018 19:00,0,0
2/28/2018 20:00,0,0
2/28/2018 21:00,0,0
2/28/2018 22:00,0,0
2/28/2018 23:00,0,0
3/1/2018 0:00,-0.013324342,0.118639599
3/1/2018 1:00,0,0
3/1/2018 2:00,0,0
3/1/2018 3:00,0,0
3/1/2018 4:00,0,0
3/1/2018 5:00,0,0
3/1/2018 6:00,0,0
3/1/2018 7:00,0,0
3/1/2018 8:00,0,0
3/1/2018 9:00,0,0
3/1/2018 10:00,0,0
3/1/2018 11:00,0,0
3/1/2018 12:00,0,0
3/1/2018 13:00,0,0
3/1/2018 14:00,0,0
3/1/2018 15:00,0,0
3/1/2018 16:00,0,0
3/1/2018 17:00,0,0
3/1/2018 18:00,0,0
3/1/2018 19:00,0,0
3/1/2018 20:00,0,0
3/1/2018 21:00,0,0
3/1/2018 22:00,0,0
3/1/2018 23:00,0,0
3/2/2018 0:00,0.005071573,-0.008720245
3/2/2018 1:00,0,0
3/2/2018 2:00,0,0
3/2/2018 3:00,0,0
3/2/2018 4:00,0,0
3/2/2018 5:00,0,0
3/2/2018 6:00,0,0
3/2/2018 7:00,0,0
3/2/2018 8:00,0,0
3/2/2018 9:00,0,0
3/2/2018 10:00,0,0
3/2/2018 11:00,0,0
3/2/2018 12:00,0,0
3/2/2018 13:00,0,0
3/2/2018 14:00,0,0
3/2/2018 15:00,0,0
3/2/2018 16:00,0,0
3/2/2018 17:00,0,0
3/2/2018 18:00,0,0
3/2/2018 19:00,0,0
3/2/2018 20:00,0,0
3/2/2018 21:00,0,0
3/2/2018 22:00,0,0
3/2/2018 23:00,0,0
3/3/2018 0:00,0,0
3/3/2018 1:00,0,0
3/3/2018 2:00,0,0
3/3/2018 3:00,0,0
3/3/2018 4:00,0,0
3/3/2018 5:00,0,0
3/3/2018 6:00,0,0
3/3/2018 7:00,0,0
3/3/2018 8:00,0,0
3/3/2018 9:00,0,0
3/3/2018 10:00,0,0
3/3/2018 11:00,0,0
3/3/2018 12:00,0,0
3/3/2018 13:00,0,0
3/3/2018 14:00,0,0
3/3/2018 15:00,0,0
3/3/2018 16:00,0,0
3/3/2018 17:00,0,0
3/3/2018 18:00,0,0
3/3/2018 19:00,0,0
3/3/2018 20:00,0,0
3/3/2018 21:00,0,0
3/3/2018 22:00,0,0
3/3/2018 23:00,0,0
3/4/2018 0:00,0,0
3/4/2018 1:00,0,0
3/4/2018 2:00,0,0
3/4/2018 3:00,0,0
3/4/2018 4:00,0,0
3/4/2018 5:00,0,0
3/4/2018 6:00,0,0
3/4/2018 7:00,0,0
3/4/2018 8:00,0,0
3/4/2018 9:00,0,0
3/4/2018 10:00,0,0
3/4/2018 11:00,0,0
3/4/2018 12:00,0,0
3/4/2018 13:00,0,0
3/4/2018 14:00,0,0
3/4/2018 15:00,0,0
3/4/2018 16:00,0,0
3/4/2018 17:00,0,0
3/4/2018 18:00,0,0
3/4/2018 19:00,0,0
3/4/2018 20:00,0,0
3/4/2018 21:00,0,0
3/4/2018 22:00,0,0
3/4/2018 23:00,0,0
3/5/2018 0:00,0.011032048,-0.042320495
3/5/2018 1:00,0,0
3/5/2018 2:00,0,0
3/5/2018 3:00,0,0
3/5/2018 4:00,0,0
3/5/2018 5:00,0,0
3/5/2018 6:00,0,0
3/5/2018 7:00,0,0
3/5/2018 8:00,0,0
3/5/2018 9:00,0,0
3/5/2018 10:00,0,0
3/5/2018 11:00,0,0
3/5/2018 12:00,0,0
3/5/2018 13:00,0,0
3/5/2018 14:00,0,0
3/5/2018 15:00,0,0
3/5/2018 16:00,0,0
3/5/2018 17:00,0,0
3/5/2018 18:00,0,0
3/5/2018 19:00,0,0
3/5/2018 20:00,0,0
3/5/2018 21:00,0,0
3/5/2018 22:00,0,0
3/5/2018 23:00,0,0
3/6/2018 0:00,0.002638794,-0.091112214
3/6/2018 1:00,0,0
3/6/2018 2:00,0,0
3/6/2018 3:00,0,0
3/6/2018 4:00,0,0
3/6/2018 5:00,0,0
3/6/2018 6:00,0,0
3/6/2018 7:00,0,0
3/6/2018 8:00,0,0
3/6/2018 9:00,0,0
3/6/2018 10:00,0,0
3/6/2018 11:00,0,0
3/6/2018 12:00,0,0
3/6/2018 13:00,0,0
3/6/2018 14:00,0,0
3/6/2018 15:00,0,0
3/6/2018 16:00,0,0
3/6/2018 17:00,0,0
3/6/2018 18:00,0,0
3/6/2018 19:00,0,0
3/6/2018 20:00,0,0
3/6/2018 21:00,0,0
3/6/2018 22:00,0,0
3/6/2018 23:00,0,0
3/7/2018 0:00,-0.00048385,0.034416826
3/7/2018 1:00,0,0
3/7/2018 2:00,0,0
3/7/2018 3:00,0,0
3/7/2018 4:00,0,0
3/7/2018 5:00,0,0
3/7/2018 6:00,0,0
3/7/2018 7:00,0,0
3/7/2018 8:00,0,0
3/7/2018 9:00,0,0
3/7/2018 10:00,0,0
3/7/2018 11:00,0,0
3/7/2018 12:00,0,0
3/7/2018 13:00,0,0
3/7/2018 14:00,0,0
3/7/2018 15:00,0,0
3/7/2018 16:00,0,0
3/7/2018 17:00,0,0
3/7/2018 18:00,0,0
3/7/2018 19:00,0,0
3/7/2018 20:00,0,0
3/7/2018 21:00,0,0
3/7/2018 22:00,0,0
3/7/2018 23:00,0,0
3/8/2018 0:00,0.004463107,-0.099551096
3/8/2018 1:00,0,0
3/8/2018 2:00,0,0
3/8/2018 3:00,0,0
3/8/2018 4:00,0,0
3/8/2018 5:00,0,0
3/8/2018 6:00,0,0
3/8/2018 7:00,0,0
3/8/2018 8:00,0,0
3/8/2018 9:00,0,0
3/8/2018 10:00,0,0
3/8/2018 11:00,0,0
3/8/2018 12:00,0,0
3/8/2018 13:00,0,0
3/8/2018 14:00,0,0
3/8/2018 15:00,0,0
3/8/2018 16:00,0,0
3/8/2018 17:00,0,0
3/8/2018 18:00,0,0
3/8/2018 19:00,0,0
3/8/2018 20:00,0,0
3/8/2018 21:00,0,0
3/8/2018 22:00,0,0
3/8/2018 23:00,0,0
3/9/2018 0:00,0.017378796,-0.089442815
3/9/2018 1:00,0,0
3/9/2018 2:00,0,0
3/9/2018 3:00,0,0
3/9/2018 4:00,0,0
3/9/2018 5:00,0,0
3/9/2018 6:00,0,0
3/9/2018 7:00,0,0
3/9/2018 8:00,0,0
3/9/2018 9:00,0,0
3/9/2018 10:00,0,0
3/9/2018 11:00,0,0
3/9/2018 12:00,0,0
3/9/2018 13:00,0,0
3/9/2018 14:00,0,0
3/9/2018 15:00,0,0
3/9/2018 16:00,0,0
3/9/2018 17:00,0,0
3/9/2018 18:00,0,0
3/9/2018 19:00,0,0
3/9/2018 20:00,0,0
3/9/2018 21:00,0,0
3/9/2018 22:00,0,0
3/9/2018 23:00,0,0
3/10/2018 0:00,0,0
3/10/2018 1:00,0,0
3/10/2018 2:00,0,0
3/10/2018 3:00,0,0
3/10/2018 4:00,0,0
3/10/2018 5:00,0,0
3/10/2018 6:00,0,0
3/10/2018 7:00,0,0
3/10/2018 8:00,0,0
3/10/2018 9:00,0,0
3/10/2018 10:00,0,0
3/10/2018 11:00,0,0
3/10/2018 12:00,0,0
3/10/2018 13:00,0,0
3/10/2018 14:00,0,0
3/10/2018 15:00,0,0
3/10/2018 16:00,0,0
3/10/2018 17:00,0,0
3/10/2018 18:00,0,0
3/10/2018 19:00,0,0
3/10/2018 20:00,0,0
3/10/2018 21:00,0,0
3/10/2018 22:00,0,0
3/10/2018 23:00,0,0
3/11/2018 0:00,0,0
3/11/2018 1:00,0,0
3/11/2018 2:00,0,0
3/11/2018 3:00,0,0
3/11/2018 4:00,0,0
3/11/2018 5:00,0,0
3/11/2018 6:00,0,0
3/11/2018 7:00,0,0
3/11/2018 8:00,0,0
3/11/2018 9:00,0,0
3/11/2018 10:00,0,0
3/11/2018 11:00,0,0
3/11/2018 12:00,0,0
3/11/2018 13:00,0,0
3/11/2018 14:00,0,0
3/11/2018 15:00,0,0
3/11/2018 16:00,0,0
3/11/2018 17:00,0,0
3/11/2018 18:00,0,0
3/11/2018 19:00,0,0
3/11/2018 20:00,0,0
3/11/2018 21:00,0,0
3/11/2018 22:00,0,0
3/11/2018 23:00,0,0
3/12/2018 0:00,-0.001273968,0.000322061
3/12/2018 1:00,0,0
3/12/2018 2:00,0,0
3/12/2018 3:00,0,0
3/12/2018 4:00,0,0
3/12/2018 5:00,0,0
3/12/2018 6:00,0,0
3/12/2018 7:00,0,0
3/12/2018 8:00,0,0
3/12/2018 9:00,0,0
3/12/2018 10:00,0,0
3/12/2018 11:00,0,0
3/12/2018 12:00,0,0
3/12/2018 13:00,0,0
3/12/2018 14:00,0,0
3/12/2018 15:00,0,0
3/12/2018 16:00,0,0
3/12/2018 17:00,0,0
3/12/2018 18:00,0,0
3/12/2018 19:00,0,0
3/12/2018 20:00,0,0
3/12/2018 21:00,0,0
3/12/2018 22:00,0,0
3/12/2018 23:00,0,0
3/13/2018 0:00,-0.006363591,0.031873793
3/13/2018 1:00,0,0
3/13/2018 2:00,0,0
3/13/2018 3:00,0,0
3/13/2018 4:00,0,0
3/13/2018 5:00,0,0
3/13/2018 6:00,0,0
3/13/2018 7:00,0,0
3/13/2018 8:00,0,0
3/13/2018 9:00,0,0
3/13/2018 10:00,0,0
3/13/2018 11:00,0,0
3/13/2018 12:00,0,0
3/13/2018 13:00,0,0
3/13/2018 14:00,0,0
3/13/2018 15:00,0,0
3/13/2018 16:00,0,0
3/13/2018 17:00,0,0
3/13/2018 18:00,0,0
3/13/2018 19:00,0,0
3/13/2018 20:00,0,0
3/13/2018 21:00,0,0
3/13/2018 22:00,0,0
3/13/2018 23:00,0,0
3/14/2018 0:00,-0.005724494,0.055226209
3/14/2018 1:00,0,0
3/14/2018 2:00,0,0
3/14/2018 3:00,0,0
3/14/2018 4:00,0,0
3/14/2018 5:00,0,0
3/14/2018 6:00,0,0
3/14/2018 7:00,0,0
3/14/2018 8:00,0,0
3/14/2018 9:00,0,0
3/14/2018 10:00,0,0
3/14/2018 11:00,0,0
3/14/2018 12:00,0,0
3/14/2018 13:00,0,0
3/14/2018 14:00,0,0
3/14/2018 15:00,0,0
3/14/2018 16:00,0,0
3/14/2018 17:00,0,0
3/14/2018 18:00,0,0
3/14/2018 19:00,0,0
3/14/2018 20:00,0,0
3/14/2018 21:00,0,0
3/14/2018 22:00,0,0
3/14/2018 23:00,0,0
3/15/2018 0:00,-0.000781966,-0.007096393
3/15/2018 1:00,0,0
3/15/2018 2:00,0,0
3/15/2018 3:00,0,0
3/15/2018 4:00,0,0
3/15/2018 5:00,0,0
3/15/2018 6:00,0,0
3/15/2018 7:00,0,0
3/15/2018 8:00,0,0
3/15/2018 9:00,0,0
3/15/2018 10:00,0,0
3/15/2018 11:00,0,0
3/15/2018 12:00,0,0
3/15/2018 13:00,0,0
3/15/2018 14:00,0,0
3/15/2018 15:00,0,0
3/15/2018 16:00,0,0
3/15/2018 17:00,0,0
3/15/2018 18:00,0,0
3/15/2018 19:00,0,0
3/15/2018 20:00,0,0
3/15/2018 21:00,0,0
3/15/2018 22:00,0,0
3/15/2018 23:00,0,0
3/16/2018 0:00,0.001703472,-0.035139964
3/16/2018 1:00,0,0
3/16/2018 2:00,0,0
3/16/2018 3:00,0,0
3/16/2018 4:00,0,0
3/16/2018 5:00,0,0
3/16/2018 6:00,0,0
3/16/2018 7:00,0,0
3/16/2018 8:00,0,0
3/16/2018 9:00,0,0
3/16/2018 10:00,0,0
3/16/2018 11:00,0,0
3/16/2018 12:00,0,0
3/16/2018 13:00,0,0
3/16/2018 14:00,0,0
3/16/2018 15:00,0,0
3/16/2018 16:00,0,0
3/16/2018 17:00,0,0
3/16/2018 18:00,0,0
3/16/2018 19:00,0,0
3/16/2018 20:00,0,0
3/16/2018 21:00,0,0
3/16/2018 22:00,0,0
3/16/2018 23:00,0,0
3/17/2018 0:00,0,0
3/17/2018 1:00,0,0
3/17/2018 2:00,0,0
3/17/2018 3:00,0,0
3/17/2018 4:00,0,0
3/17/2018 5:00,0,0
3/17/2018 6:00,0,0
3/17/2018 7:00,0,0
3/17/2018 8:00,0,0
3/17/2018 9:00,0,0
3/17/2018 10:00,0,0
3/17/2018 11:00,0,0
3/17/2018 12:00,0,0
3/17/2018 13:00,0,0
3/17/2018 14:00,0,0
3/17/2018 15:00,0,0
3/17/2018 16:00,0,0
3/17/2018 17:00,0,0
3/17/2018 18:00,0,0
3/17/2018 19:00,0,0
3/17/2018 20:00,0,0
3/17/2018 21:00,0,0
3/17/2018 22:00,0,0
3/17/2018 23:00,0,0
3/18/2018 0:00,0,0
3/18/2018 1:00,0,0
3/18/2018 2:00,0,0
3/18/2018 3:00,0,0
3/18/2018 4:00,0,0
3/18/2018 5:00,0,0
3/18/2018 6:00,0,0
3/18/2018 7:00,0,0
3/18/2018 8:00,0,0
3/18/2018 9:00,0,0
3/18/2018 10:00,0,0
3/18/2018 11:00,0,0
3/18/2018 12:00,0,0
3/18/2018 13:00,0,0
3/18/2018 14:00,0,0
3/18/2018 15:00,0,0
3/18/2018 16:00,0,0
3/18/2018 17:00,0,0
3/18/2018 18:00,0,0
3/18/2018 19:00,0,0
3/18/2018 20:00,0,0
3/18/2018 21:00,0,0
3/18/2018 22:00,0,0
3/18/2018 23:00,0,0
3/19/2018 0:00,-0.014204164,0.100308642
3/19/2018 1:00,0,0
3/19/2018 2:00,0,0
3/19/2018 3:00,0,0
3/19/2018 4:00,0,0
3/19/2018 5:00,0,0
3/19/2018 6:00,0,0
3/19/2018 7:00,0,0
3/19/2018 8:00,0,0
3/19/2018 9:00,0,0
3/19/2018 10:00,0,0
3/19/2018 11:00,0,0
3/19/2018 12:00,0,0
3/19/2018 13:00,0,0
3/19/2018 14:00,0,0
3/19/2018 15:00,0,0
3/19/2018 16:00,0,0
3/19/2018 17:00,0,0
3/19/2018 18:00,0,0
3/19/2018 19:00,0,0
3/19/2018 20:00,0,0
3/19/2018 21:00,0,0
3/19/2018 22:00,0,0
3/19/2018 23:00,0,0
3/20/2018 0:00,0.001481798,0.026086957
3/20/2018 1:00,0,0
3/20/2018 2:00,0,0
3/20/2018 3:00,0,0
3/20/2018 4:00,0,0
3/20/2018 5:00,0,0
3/20/2018 6:00,0,0
3/20/2018 7:00,0,0
3/20/2018 8:00,0,0
3/20/2018 9:00,0,0
3/20/2018 10:00,0,0
3/20/2018 11:00,0,0
3/20/2018 12:00,0,0
3/20/2018 13:00,0,0
3/20/2018 14:00,0,0
3/20/2018 15:00,0,0
3/20/2018 16:00,0,0
3/20/2018 17:00,0,0
3/20/2018 18:00,0,0
3/20/2018 19:00,0,0
3/20/2018 20:00,0,0
3/20/2018 21:00,0,0
3/20/2018 22:00,0,0
3/20/2018 23:00,0,0
3/21/2018 0:00,-0.001843986,-0.026243849
3/21/2018 1:00,0,0
3/21/2018 2:00,0,0
3/21/2018 3:00,0,0
3/21/2018 4:00,0,0
3/21/2018 5:00,0,0
3/21/2018 6:00,0,0
3/21/2018 7:00,0,0
3/21/2018 8:00,0,0
3/21/2018 9:00,0,0
3/21/2018 10:00,0,0
3/21/2018 11:00,0,0
3/21/2018 12:00,0,0
3/21/2018 13:00,0,0
3/21/2018 14:00,0,0
3/21/2018 15:00,0,0
3/21/2018 16:00,0,0
3/21/2018 17:00,0,0
3/21/2018 18:00,0,0
3/21/2018 19:00,0,0
3/21/2018 20:00,0,0
3/21/2018 21:00,0,0
3/21/2018 22:00,0,0
3/21/2018 23:00,0,0
3/22/2018 0:00,-0.025162891,0.164233577
3/22/2018 1:00,0,0
3/22/2018 2:00,0,0
3/22/2018 3:00,0,0
3/22/2018 4:00,0,0
3/22/2018 5:00,0,0
3/22/2018 6:00,0,0
3/22/2018 7:00,0,0
3/22/2018 8:00,0,0
3/22/2018 9:00,0,0
3/22/2018 10:00,0,0
3/22/2018 11:00,0,0
3/22/2018 12:00,0,0
3/22/2018 13:00,0,0
3/22/2018 14:00,0,0
3/22/2018 15:00,0,0
3/22/2018 16:00,0,0
3/22/2018 17:00,0,0
3/22/2018 18:00,0,0
3/22/2018 19:00,0,0
3/22/2018 20:00,0,0
3/22/2018 21:00,0,0
3/22/2018 22:00,0,0
3/22/2018 23:00,0,0
3/23/2018 0:00,-0.020966906,0.178924524
3/23/2018 1:00,0,0
3/23/2018 2:00,0,0
3/23/2018 3:00,0,0
3/23/2018 4:00,0,0
3/23/2018 5:00,0,0
3/23/2018 6:00,0,0
3/23/2018 7:00,0,0
3/23/2018 8:00,0,0
3/23/2018 9:00,0,0
3/23/2018 10:00,0,0
3/23/2018 11:00,0,0
3/23/2018 12:00,0,0
3/23/2018 13:00,0,0
3/23/2018 14:00,0,0
3/23/2018 15:00,0,0
3/23/2018 16:00,0,0
3/23/2018 17:00,0,0
3/23/2018 18:00,0,0
3/23/2018 19:00,0,0
3/23/2018 20:00,0,0
3/23/2018 21:00,0,0
3/23/2018 22:00,0,0
3/23/2018 23:00,0,0
3/24/2018 0:00,0,0
3/24/2018 1:00,0,0
3/24/2018 2:00,0,0
3/24/2018 3:00,0,0
3/24/2018 4:00,0,0
3/24/2018 5:00,0,0
3/24/2018 6:00,0,0
3/24/2018 7:00,0,0
3/24/2018 8:00,0,0
3/24/2018 9:00,0,0
3/24/2018 10:00,0,0
3/24/2018 11:00,0,0
3/24/2018 12:00,0,0
3/24/2018 13:00,0,0
3/24/2018 14:00,0,0
3/24/2018 15:00,0,0
3/24/2018 16:00,0,0
3/24/2018 17:00,0,0
3/24/2018 18:00,0,0
3/24/2018 19:00,0,0
3/24/2018 20:00,0,0
3/24/2018 21:00,0,0
3/24/2018 22:00,0,0
3/24/2018 23:00,0,0
3/25/2018 0:00,0,0
3/25/2018 1:00,0,0
3/25/2018 2:00,0,0
3/25/2018 3:00,0,0
3/25/2018 4:00,0,0
3/25/2018 5:00,0,0
3/25/2018 6:00,0,0
3/25/2018 7:00,0,0
3/25/2018 8:00,0,0
3/25/2018 9:00,0,0
3/25/2018 10:00,0,0
3/25/2018 11:00,0,0
3/25/2018 12:00,0,0
3/25/2018 13:00,0,0
3/25/2018 14:00,0,0
3/25/2018 15:00,0,0
3/25/2018 16:00,0,0
3/25/2018 17:00,0,0
3/25/2018 18:00,0,0
3/25/2018 19:00,0,0
3/25/2018 20:00,0,0
3/25/2018 21:00,0,0
3/25/2018 22:00,0,0
3/25/2018 23:00,0,0
3/26/2018 0:00,0.027157241,-0.091020659
3/26/2018 1:00,0,0
3/26/2018 2:00,0,0
3/26/2018 3:00,0,0
3/26/2018 4:00,0,0
3/26/2018 5:00,0,0
3/26/2018 6:00,0,0
3/26/2018 7:00,0,0
3/26/2018 8:00,0,0
3/26/2018 9:00,0,0
3/26/2018 10:00,0,0
3/26/2018 11:00,0,0
3/26/2018 12:00,0,0
3/26/2018 13:00,0,0
3/26/2018 14:00,0,0
3/26/2018 15:00,0,0
3/26/2018 16:00,0,0
3/26/2018 17:00,0,0
3/26/2018 18:00,0,0
3/26/2018 19:00,0,0
3/26/2018 20:00,0,0
3/26/2018 21:00,0,0
3/26/2018 22:00,0,0
3/26/2018 23:00,0,0
3/27/2018 0:00,-0.017276335,-0.036228623
3/27/2018 1:00,0,0
3/27/2018 2:00,0,0
3/27/2018 3:00,0,0
3/27/2018 4:00,0,0
3/27/2018 5:00,0,0
3/27/2018 6:00,0,0
3/27/2018 7:00,0,0
3/27/2018 8:00,0,0
3/27/2018 9:00,0,0
3/27/2018 10:00,0,0
3/27/2018 11:00,0,0
3/27/2018 12:00,0,0
3/27/2018 13:00,0,0
3/27/2018 14:00,0,0
3/27/2018 15:00,0,0
3/27/2018 16:00,0,0
3/27/2018 17:00,0,0
3/27/2018 18:00,0,0
3/27/2018 19:00,0,0
3/27/2018 20:00,0,0
3/27/2018 21:00,0,0
3/27/2018 22:00,0,0
3/27/2018 23:00,0,0
3/28/2018 0:00,-0.002916612,0.059771188
3/28/2018 1:00,0,0
3/28/2018 2:00,0,0
3/28/2018 3:00,0,0
3/28/2018 4:00,0,0
3/28/2018 5:00,0,0
3/28/2018 6:00,0,0
3/28/2018 7:00,0,0
3/28/2018 8:00,0,0
3/28/2018 9:00,0,0
3/28/2018 10:00,0,0
3/28/2018 11:00,0,0
3/28/2018 12:00,0,0
3/28/2018 13:00,0,0
3/28/2018 14:00,0,0
3/28/2018 15:00,0,0
3/28/2018 16:00,0,0
3/28/2018 17:00,0,0
3/28/2018 18:00,0,0
3/28/2018 19:00,0,0
3/28/2018 20:00,0,0
3/28/2018 21:00,0,0
3/28/2018 22:00,0,0
3/28/2018 23:00,0,0
3/29/2018 0:00,0.013769674,-0.056179775
3/29/2018 1:00,0,0
3/29/2018 2:00,0,0
3/29/2018 3:00,0,0
3/29/2018 4:00,0,0
3/29/2018 5:00,0,0
3/29/2018 6:00,0,0
3/29/2018 7:00,0,0
3/29/2018 8:00,0,0
3/29/2018 9:00,0,0
3/29/2018 10:00,0,0
3/29/2018 11:00,0,0
3/29/2018 12:00,0,0
3/29/2018 13:00,0,0
3/29/2018 14:00,0,0
3/29/2018 15:00,0,0
3/29/2018 16:00,0,0
3/29/2018 17:00,0,0
3/29/2018 18:00,0,0
3/29/2018 19:00,0,0
3/29/2018 20:00,0,0
3/29/2018 21:00,0,0
3/29/2018 22:00,0,0
3/29/2018 23:00,0,0
3/30/2018 0:00,0,0
3/30/2018 1:00,0,0
3/30/2018 2:00,0,0
3/30/2018 3:00,0,0
3/30/2018 4:00,0,0
3/30/2018 5:00,0,0
3/30/2018 6:00,0,0
3/30/2018 7:00,0,0
3/30/2018 8:00,0,0
3/30/2018 9:00,0,0
3/30/2018 10:00,0,0
3/30/2018 11:00,0,0
3/30/2018 12:00,0,0
3/30/2018 13:00,0,0
3/30/2018 14:00,0,0
3/30/2018 15:00,0,0
3/30/2018 16:00,0,0
3/30/2018 17:00,0,0
3/30/2018 18:00,0,0
3/30/2018 19:00,0,0
3/30/2018 20:00,0,0
3/30/2018 21:00,0,0
3/30/2018 22:00,0,0
3/30/2018 23:00,0,0
3/31/2018 0:00,0,0
3/31/2018 1:00,0,0
3/31/2018 2:00,0,0
3/31/2018 3:00,0,0
3/31/2018 4:00,0,0
3/31/2018 5:00,0,0
3/31/2018 6:00,0,0
3/31/2018 7:00,0,0
3/31/2018 8:00,0,0
3/31/2018 9:00,0,0
3/31/2018 10:00,0,0
3/31/2018 11:00,0,0
3/31/2018 12:00,0,0
3/31/2018 13:00,0,0
3/31/2018 14:00,0,0
3/31/2018 15:00,0,0
3/31/2018 16:00,0,0
3/31/2018 17:00,0,0
3/31/2018 18:00,0,0
3/31/2018 19:00,0,0
3/31/2018 20:00,0,0
3/31/2018 21:00,0,0
3/31/2018 22:00,0,0
3/31/2018 23:00,0,0
4/1/2018 0:00,0,0
4/1/2018 1:00,0,0
4/1/2018 2:00,0,0
4/1/2018 3:00,0,0
4/1/2018 4:00,0,0
4/1/2018 5:00,0,0
4/1/2018 6:00,0,0
4/1/2018 7:00,0,0
4/1/2018 8:00,0,0
4/1/2018 9:00,0,0
4/1/2018 10:00,0,0
4/1/2018 11:00,0,0
4/1/2018 12:00,0,0
4/1/2018 13:00,0,0
4/1/2018 14:00,0,0
4/1/2018 15:00,0,0
4/1/2018 16:00,0,0
4/1/2018 17:00,0,0
4/1/2018 18:00,0,0
4/1/2018 19:00,0,0
4/1/2018 20:00,0,0
4/1/2018 21:00,0,0
4/1/2018 22:00,0,0
4/1/2018 23:00,0,0
4/2/2018 0:00,-0.022337336,0.04318394
4/2/2018 1:00,0,0
4/2/2018 2:00,0,0
4/2/2018 3:00,0,0
4/2/2018 4:00,0,0
4/2/2018 5:00,0,0
4/2/2018 6:00,0,0
4/2/2018 7:00,0,0
4/2/2018 8:00,0,0
4/2/2018 9:00,0,0
4/2/2018 10:00,0,0
4/2/2018 11:00,0,0
4/2/2018 12:00,0,0
4/2/2018 13:00,0,0
4/2/2018 14:00,0,0
4/2/2018 15:00,0,0
4/2/2018 16:00,0,0
4/2/2018 17:00,0,0
4/2/2018 18:00,0,0
4/2/2018 19:00,0,0
4/2/2018 20:00,0,0
4/2/2018 21:00,0,0
4/2/2018 22:00,0,0
4/2/2018 23:00,0,0
4/3/2018 0:00,0.012614839,-0.012530768
4/3/2018 1:00,0,0
4/3/2018 2:00,0,0
4/3/2018 3:00,0,0
4/3/2018 4:00,0,0
4/3/2018 5:00,0,0
4/3/2018 6:00,0,0
4/3/2018 7:00,0,0
4/3/2018 8:00,0,0
4/3/2018 9:00,0,0
4/3/2018 10:00,0,0
4/3/2018 11:00,0,0
4/3/2018 12:00,0,0
4/3/2018 13:00,0,0
4/3/2018 14:00,0,0
4/3/2018 15:00,0,0
4/3/2018 16:00,0,0
4/3/2018 17:00,0,0
4/3/2018 18:00,0,0
4/3/2018 19:00,0,0
4/3/2018 20:00,0,0
4/3/2018 21:00,0,0
4/3/2018 22:00,0,0
4/3/2018 23:00,0,0
4/4/2018 0:00,0.011566486,-0.054158169
4/4/2018 1:00,0,0
4/4/2018 2:00,0,0
4/4/2018 3:00,0,0
4/4/2018 4:00,0,0
4/4/2018 5:00,0,0
4/4/2018 6:00,0,0
4/4/2018 7:00,0,0
4/4/2018 8:00,0,0
4/4/2018 9:00,0,0
4/4/2018 10:00,0,0
4/4/2018 11:00,0,0
4/4/2018 12:00,0,0
4/4/2018 13:00,0,0
4/4/2018 14:00,0,0
4/4/2018 15:00,0,0
4/4/2018 16:00,0,0
4/4/2018 17:00,0,0
4/4/2018 18:00,0,0
4/4/2018 19:00,0,0
4/4/2018 20:00,0,0
4/4/2018 21:00,0,0
4/4/2018 22:00,0,0
4/4/2018 23:00,0,0
4/5/2018 0:00,0.006862808,-0.072831816
4/5/2018 1:00,0,0
4/5/2018 2:00,0,0
4/5/2018 3:00,0,0
4/5/2018 4:00,0,0
4/5/2018 5:00,0,0
4/5/2018 6:00,0,0
4/5/2018 7:00,0,0
4/5/2018 8:00,0,0
4/5/2018 9:00,0,0
4/5/2018 10:00,0,0
4/5/2018 11:00,0,0
4/5/2018 12:00,0,0
4/5/2018 13:00,0,0
4/5/2018 14:00,0,0
4/5/2018 15:00,0,0
4/5/2018 16:00,0,0
4/5/2018 17:00,0,0
4/5/2018 18:00,0,0
4/5/2018 19:00,0,0
4/5/2018 20:00,0,0
4/5/2018 21:00,0,0
4/5/2018 22:00,0,0
4/5/2018 23:00,0,0
4/6/2018 0:00,-0.021920205,0.080620155
4/6/2018 1:00,0,0
4/6/2018 2:00,0,0
4/6/2018 3:00,0,0
4/6/2018 4:00,0,0
4/6/2018 5:00,0,0
4/6/2018 6:00,0,0
4/6/2018 7:00,0,0
4/6/2018 8:00,0,0
4/6/2018 9:00,0,0
4/6/2018 10:00,0,0
4/6/2018 11:00,0,0
4/6/2018 12:00,0,0
4/6/2018 13:00,0,0
4/6/2018 14:00,0,0
4/6/2018 15:00,0,0
4/6/2018 16:00,0,0
4/6/2018 17:00,0,0
4/6/2018 18:00,0,0
4/6/2018 19:00,0,0
4/6/2018 20:00,0,0
4/6/2018 21:00,0,0
4/6/2018 22:00,0,0
4/6/2018 23:00,0,0
4/7/2018 0:00,0,0
4/7/2018 1:00,0,0
4/7/2018 2:00,0,0
4/7/2018 3:00,0,0
4/7/2018 4:00,0,0
4/7/2018 5:00,0,0
4/7/2018 6:00,0,0
4/7/2018 7:00,0,0
4/7/2018 8:00,0,0
4/7/2018 9:00,0,0
4/7/2018 10:00,0,0
4/7/2018 11:00,0,0
4/7/2018 12:00,0,0
4/7/2018 13:00,0,0
4/7/2018 14:00,0,0
4/7/2018 15:00,0,0
4/7/2018 16:00,0,0
4/7/2018 17:00,0,0
4/7/2018 18:00,0,0
4/7/2018 19:00,0,0
4/7/2018 20:00,0,0
4/7/2018 21:00,0,0
4/7/2018 22:00,0,0
4/7/2018 23:00,0,0
4/8/2018 0:00,0,0
4/8/2018 1:00,0,0
4/8/2018 2:00,0,0
4/8/2018 3:00,0,0
4/8/2018 4:00,0,0
4/8/2018 5:00,0,0
4/8/2018 6:00,0,0
4/8/2018 7:00,0,0
4/8/2018 8:00,0,0
4/8/2018 9:00,0,0
4/8/2018 10:00,0,0
4/8/2018 11:00,0,0
4/8/2018 12:00,0,0
4/8/2018 13:00,0,0
4/8/2018 14:00,0,0
4/8/2018 15:00,0,0
4/8/2018 16:00,0,0
4/8/2018 17:00,0,0
4/8/2018 18:00,0,0
4/8/2018 19:00,0,0
4/8/2018 20:00,0,0
4/8/2018 21:00,0,0
4/8/2018 22:00,0,0
4/8/2018 23:00,0,0
4/9/2018 0:00,0.003336571,0.029172645
4/9/2018 1:00,0,0
4/9/2018 2:00,0,0
4/9/2018 3:00,0,0
4/9/2018 4:00,0,0
4/9/2018 5:00,0,0
4/9/2018 6:00,0,0
4/9/2018 7:00,0,0
4/9/2018 8:00,0,0
4/9/2018 9:00,0,0
4/9/2018 10:00,0,0
4/9/2018 11:00,0,0
4/9/2018 12:00,0,0
4/9/2018 13:00,0,0
4/9/2018 14:00,0,0
4/9/2018 15:00,0,0
4/9/2018 16:00,0,0
4/9/2018 17:00,0,0
4/9/2018 18:00,0,0
4/9/2018 19:00,0,0
4/9/2018 20:00,0,0
4/9/2018 21:00,0,0
4/9/2018 22:00,0,0
4/9/2018 23:00,0,0
4/10/2018 0:00,0.016726875,-0.047862454
4/10/2018 1:00,0,0
4/10/2018 2:00,0,0
4/10/2018 3:00,0,0
4/10/2018 4:00,0,0
4/10/2018 5:00,0,0
4/10/2018 6:00,0,0
4/10/2018 7:00,0,0
4/10/2018 8:00,0,0
4/10/2018 9:00,0,0
4/10/2018 10:00,0,0
4/10/2018 11:00,0,0
4/10/2018 12:00,0,0
4/10/2018 13:00,0,0
4/10/2018 14:00,0,0
4/10/2018 15:00,0,0
4/10/2018 16:00,0,0
4/10/2018 17:00,0,0
4/10/2018 18:00,0,0
4/10/2018 19:00,0,0
4/10/2018 20:00,0,0
4/10/2018 21:00,0,0
4/10/2018 22:00,0,0
4/10/2018 23:00,0,0
4/11/2018 0:00,-0.005525299,0.005124451
4/11/2018 1:00,0,0
4/11/2018 2:00,0,0
4/11/2018 3:00,0,0
4/11/2018 4:00,0,0
4/11/2018 5:00,0,0
4/11/2018 6:00,0,0
4/11/2018 7:00,0,0
4/11/2018 8:00,0,0
4/11/2018 9:00,0,0
4/11/2018 10:00,0,0
4/11/2018 11:00,0,0
4/11/2018 12:00,0,0
4/11/2018 13:00,0,0
4/11/2018 14:00,0,0
4/11/2018 15:00,0,0
4/11/2018 16:00,0,0
4/11/2018 17:00,0,0
4/11/2018 18:00,0,0
4/11/2018 19:00,0,0
4/11/2018 20:00,0,0
4/11/2018 21:00,0,0
4/11/2018 22:00,0,0
4/11/2018 23:00,0,0
4/12/2018 0:00,0.008250731,-0.069677106
4/12/2018 1:00,0,0
4/12/2018 2:00,0,0
4/12/2018 3:00,0,0
4/12/2018 4:00,0,0
4/12/2018 5:00,0,0
4/12/2018 6:00,0,0
4/12/2018 7:00,0,0
4/12/2018 8:00,0,0
4/12/2018 9:00,0,0
4/12/2018 10:00,0,0
4/12/2018 11:00,0,0
4/12/2018 12:00,0,0
4/12/2018 13:00,0,0
4/12/2018 14:00,0,0
4/12/2018 15:00,0,0
4/12/2018 16:00,0,0
4/12/2018 17:00,0,0
4/12/2018 18:00,0,0
4/12/2018 19:00,0,0
4/12/2018 20:00,0,0
4/12/2018 21:00,0,0
4/12/2018 22:00,0,0
4/12/2018 23:00,0,0
4/13/2018 0:00,-0.002886647,-0.068893528
4/13/2018 1:00,0,0
4/13/2018 2:00,0,0
4/13/2018 3:00,0,0
4/13/2018 4:00,0,0
4/13/2018 5:00,0,0
4/13/2018 6:00,0,0
4/13/2018 7:00,0,0
4/13/2018 8:00,0,0
4/13/2018 9:00,0,0
4/13/2018 10:00,0,0
4/13/2018 11:00,0,0
4/13/2018 12:00,0,0
4/13/2018 13:00,0,0
4/13/2018 14:00,0,0
4/13/2018 15:00,0,0
4/13/2018 16:00,0,0
4/13/2018 17:00,0,0
4/13/2018 18:00,0,0
4/13/2018 19:00,0,0
4/13/2018 20:00,0,0
4/13/2018 21:00,0,0
4/13/2018 22:00,0,0
4/13/2018 23:00,0,0
4/14/2018 0:00,0,0
4/14/2018 1:00,0,0
4/14/2018 2:00,0,0
4/14/2018 3:00,0,0
4/14/2018 4:00,0,0
4/14/2018 5:00,0,0
4/14/2018 6:00,0,0
4/14/2018 7:00,0,0
4/14/2018 8:00,0,0
4/14/2018 9:00,0,0
4/14/2018 10:00,0,0
4/14/2018 11:00,0,0
4/14/2018 12:00,0,0
4/14/2018 13:00,0,0
4/14/2018 14:00,0,0
4/14/2018 15:00,0,0
4/14/2018 16:00,0,0
4/14/2018 17:00,0,0
4/14/2018 18:00,0,0
4/14/2018 19:00,0,0
4/14/2018 20:00,0,0
4/14/2018 21:00,0,0
4/14/2018 22:00,0,0
4/14/2018 23:00,0,0
4/15/2018 0:00,0,0
4/15/2018 1:00,0,0
4/15/2018 2:00,0,0
4/15/2018 3:00,0,0
4/15/2018 4:00,0,0
4/15/2018 5:00,0,0
4/15/2018 6:00,0,0
4/15/2018 7:00,0,0
4/15/2018 8:00,0,0
4/15/2018 9:00,0,0
4/15/2018 10:00,0,0
4/15/2018 11:00,0,0
4/15/2018 12:00,0,0
4/15/2018 13:00,0,0
4/15/2018 14:00,0,0
4/15/2018 15:00,0,0
4/15/2018 16:00,0,0
4/15/2018 17:00,0,0
4/15/2018 18:00,0,0
4/15/2018 19:00,0,0
4/15/2018 20:00,0,0
4/15/2018 21:00,0,0
4/15/2018 22:00,0,0
4/15/2018 23:00,0,0
4/16/2018 0:00,0.008109024,-0.042881166
4/16/2018 1:00,0,0
4/16/2018 2:00,0,0
4/16/2018 3:00,0,0
4/16/2018 4:00,0,0
4/16/2018 5:00,0,0
4/16/2018 6:00,0,0
4/16/2018 7:00,0,0
4/16/2018 8:00,0,0
4/16/2018 9:00,0,0
4/16/2018 10:00,0,0
4/16/2018 11:00,0,0
4/16/2018 12:00,0,0
4/16/2018 13:00,0,0
4/16/2018 14:00,0,0
4/16/2018 15:00,0,0
4/16/2018 16:00,0,0
4/16/2018 17:00,0,0
4/16/2018 18:00,0,0
4/16/2018 19:00,0,0
4/16/2018 20:00,0,0
4/16/2018 21:00,0,0
4/16/2018 22:00,0,0
4/16/2018 23:00,0,0
4/17/2018 0:00,0.010661578,-0.080234261
4/17/2018 1:00,0,0
4/17/2018 2:00,0,0
4/17/2018 3:00,0,0
4/17/2018 4:00,0,0
4/17/2018 5:00,0,0
4/17/2018 6:00,0,0
4/17/2018 7:00,0,0
4/17/2018 8:00,0,0
4/17/2018 9:00,0,0
4/17/2018 10:00,0,0
4/17/2018 11:00,0,0
4/17/2018 12:00,0,0
4/17/2018 13:00,0,0
4/17/2018 14:00,0,0
4/17/2018 15:00,0,0
4/17/2018 16:00,0,0
4/17/2018 17:00,0,0
4/17/2018 18:00,0,0
4/17/2018 19:00,0,0
4/17/2018 20:00,0,0
4/17/2018 21:00,0,0
4/17/2018 22:00,0,0
4/17/2018 23:00,0,0
4/18/2018 0:00,0.000831366,-0.016236867
4/18/2018 1:00,0,0
4/18/2018 2:00,0,0
4/18/2018 3:00,0,0
4/18/2018 4:00,0,0
4/18/2018 5:00,0,0
4/18/2018 6:00,0,0
4/18/2018 7:00,0,0
4/18/2018 8:00,0,0
4/18/2018 9:00,0,0
4/18/2018 10:00,0,0
4/18/2018 11:00,0,0
4/18/2018 12:00,0,0
4/18/2018 13:00,0,0
4/18/2018 14:00,0,0
4/18/2018 15:00,0,0
4/18/2018 16:00,0,0
4/18/2018 17:00,0,0
4/18/2018 18:00,0,0
4/18/2018 19:00,0,0
4/18/2018 20:00,0,0
4/18/2018 21:00,0,0
4/18/2018 22:00,0,0
4/18/2018 23:00,0,0
4/19/2018 0:00,-0.005726121,0.0197411
4/19/2018 1:00,0,0
4/19/2018 2:00,0,0
4/19/2018 3:00,0,0
4/19/2018 4:00,0,0
4/19/2018 5:00,0,0
4/19/2018 6:00,0,0
4/19/2018 7:00,0,0
4/19/2018 8:00,0,0
4/19/2018 9:00,0,0
4/19/2018 10:00,0,0
4/19/2018 11:00,0,0
4/19/2018 12:00,0,0
4/19/2018 13:00,0,0
4/19/2018 14:00,0,0
4/19/2018 15:00,0,0
4/19/2018 16:00,0,0
4/19/2018 17:00,0,0
4/19/2018 18:00,0,0
4/19/2018 19:00,0,0
4/19/2018 20:00,0,0
4/19/2018 21:00,0,0
4/19/2018 22:00,0,0
4/19/2018 23:00,0,0
4/20/2018 0:00,-0.008536536,0.048556014
4/20/2018 1:00,0,0
4/20/2018 2:00,0,0
4/20/2018 3:00,0,0
4/20/2018 4:00,0,0
4/20/2018 5:00,0,0
4/20/2018 6:00,0,0
4/20/2018 7:00,0,0
4/20/2018 8:00,0,0
4/20/2018 9:00,0,0
4/20/2018 10:00,0,0
4/20/2018 11:00,0,0
4/20/2018 12:00,0,0
4/20/2018 13:00,0,0
4/20/2018 14:00,0,0
4/20/2018 15:00,0,0
4/20/2018 16:00,0,0
4/20/2018 17:00,0,0
4/20/2018 18:00,0,0
4/20/2018 19:00,0,0
4/20/2018 20:00,0,0
4/20/2018 21:00,0,0
4/20/2018 22:00,0,0
4/20/2018 23:00,0,0
4/21/2018 0:00,0,0
4/21/2018 1:00,0,0
4/21/2018 2:00,0,0
4/21/2018 3:00,0,0
4/21/2018 4:00,0,0
4/21/2018 5:00,0,0
4/21/2018 6:00,0,0
4/21/2018 7:00,0,0
4/21/2018 8:00,0,0
4/21/2018 9:00,0,0
4/21/2018 10:00,0,0
4/21/2018 11:00,0,0
4/21/2018 12:00,0,0
4/21/2018 13:00,0,0
4/21/2018 14:00,0,0
4/21/2018 15:00,0,0
4/21/2018 16:00,0,0
4/21/2018 17:00,0,0
4/21/2018 18:00,0,0
4/21/2018 19:00,0,0
4/21/2018 20:00,0,0
4/21/2018 21:00,0,0
4/21/2018 22:00,0,0
4/21/2018 23:00,0,0
4/22/2018 0:00,0,0
4/22/2018 1:00,0,0
4/22/2018 2:00,0,0
4/22/2018 3:00,0,0
4/22/2018 4:00,0,0
4/22/2018 5:00,0,0
4/22/2018 6:00,0,0
4/22/2018 7:00,0,0
4/22/2018 8:00,0,0
4/22/2018 9:00,0,0
4/22/2018 10:00,0,0
4/22/2018 11:00,0,0
4/22/2018 12:00,0,0
4/22/2018 13:00,0,0
4/22/2018 14:00,0,0
4/22/2018 15:00,0,0
4/22/2018 16:00,0,0
4/22/2018 17:00,0,0
4/22/2018 18:00,0,0
4/22/2018 19:00,0,0
4/22/2018 20:00,0,0
4/22/2018 21:00,0,0
4/22/2018 22:00,0,0
4/22/2018 23:00,0,0
4/23/2018 0:00,5.62E-05,0.017857143
4/23/2018 1:00,0,0
4/23/2018 2:00,0,0
4/23/2018 3:00,0,0
4/23/2018 4:00,0,0
4/23/2018 5:00,0,0
4/23/2018 6:00,0,0
4/23/2018 7:00,0,0
4/23/2018 8:00,0,0
4/23/2018 9:00,0,0
4/23/2018 10:00,0,0
4/23/2018 11:00,0,0
4/23/2018 12:00,0,0
4/23/2018 13:00,0,0
4/23/2018 14:00,0,0
4/23/2018 15:00,0,0
4/23/2018 16:00,0,0
4/23/2018 17:00,0,0
4/23/2018 18:00,0,0
4/23/2018 19:00,0,0
4/23/2018 20:00,0,0
4/23/2018 21:00,0,0
4/23/2018 22:00,0,0
4/23/2018 23:00,0,0
4/24/2018 0:00,-0.013380569,0.016354445
4/24/2018 1:00,0,0
4/24/2018 2:00,0,0
4/24/2018 3:00,0,0
4/24/2018 4:00,0,0
4/24/2018 5:00,0,0
4/24/2018 6:00,0,0
4/24/2018 7:00,0,0
4/24/2018 8:00,0,0
4/24/2018 9:00,0,0
4/24/2018 10:00,0,0
4/24/2018 11:00,0,0
4/24/2018 12:00,0,0
4/24/2018 13:00,0,0
4/24/2018 14:00,0,0
4/24/2018 15:00,0,0
4/24/2018 16:00,0,0
4/24/2018 17:00,0,0
4/24/2018 18:00,0,0
4/24/2018 19:00,0,0
4/24/2018 20:00,0,0
4/24/2018 21:00,0,0
4/24/2018 22:00,0,0
4/24/2018 23:00,0,0
4/25/2018 0:00,0.001837119,0.052662376
4/25/2018 1:00,0,0
4/25/2018 2:00,0,0
4/25/2018 3:00,0,0
4/25/2018 4:00,0,0
4/25/2018 5:00,0,0
4/25/2018 6:00,0,0
4/25/2018 7:00,0,0
4/25/2018 8:00,0,0
4/25/2018 9:00,0,0
4/25/2018 10:00,0,0
4/25/2018 11:00,0,0
4/25/2018 12:00,0,0
4/25/2018 13:00,0,0
4/25/2018 14:00,0,0
4/25/2018 15:00,0,0
4/25/2018 16:00,0,0
4/25/2018 17:00,0,0
4/25/2018 18:00,0,0
4/25/2018 19:00,0,0
4/25/2018 20:00,0,0
4/25/2018 21:00,0,0
4/25/2018 22:00,0,0
4/25/2018 23:00,0,0
4/26/2018 0:00,0.01043419,-0.046414675
4/26/2018 1:00,0,0
4/26/2018 2:00,0,0
4/26/2018 3:00,0,0
4/26/2018 4:00,0,0
4/26/2018 5:00,0,0
4/26/2018 6:00,0,0
4/26/2018 7:00,0,0
4/26/2018 8:00,0,0
4/26/2018 9:00,0,0
4/26/2018 10:00,0,0
4/26/2018 11:00,0,0
4/26/2018 12:00,0,0
4/26/2018 13:00,0,0
4/26/2018 14:00,0,0
4/26/2018 15:00,0,0
4/26/2018 16:00,0,0
4/26/2018 17:00,0,0
4/26/2018 18:00,0,0
4/26/2018 19:00,0,0
4/26/2018 20:00,0,0
4/26/2018 21:00,0,0
4/26/2018 22:00,0,0
4/26/2018 23:00,0,0
4/27/2018 0:00,0.001113636,-0.078111338
4/27/2018 1:00,0,0
4/27/2018 2:00,0,0
4/27/2018 3:00,0,0
4/27/2018 4:00,0,0
4/27/2018 5:00,0,0
4/27/2018 6:00,0,0
4/27/2018 7:00,0,0
4/27/2018 8:00,0,0
4/27/2018 9:00,0,0
4/27/2018 10:00,0,0
4/27/2018 11:00,0,0
4/27/2018 12:00,0,0
4/27/2018 13:00,0,0
4/27/2018 14:00,0,0
4/27/2018 15:00,0,0
4/27/2018 16:00,0,0
4/27/2018 17:00,0,0
4/27/2018 18:00,0,0
4/27/2018 19:00,0,0
4/27/2018 20:00,0,0
4/27/2018 21:00,0,0
4/27/2018 22:00,0,0
4/27/2018 23:00,0,0
4/28/2018 0:00,0,0
4/28/2018 1:00,0,0
4/28/2018 2:00,0,0
4/28/2018 3:00,0,0
4/28/2018 4:00,0,0
4/28/2018 5:00,0,0
4/28/2018 6:00,0,0
4/28/2018 7:00,0,0
4/28/2018 8:00,0,0
4/28/2018 9:00,0,0
4/28/2018 10:00,0,0
4/28/2018 11:00,0,0
4/28/2018 12:00,0,0
4/28/2018 13:00,0,0
4/28/2018 14:00,0,0
4/28/2018 15:00,0,0
4/28/2018 16:00,0,0
4/28/2018 17:00,0,0
4/28/2018 18:00,0,0
4/28/2018 19:00,0,0
4/28/2018 20:00,0,0
4/28/2018 21:00,0,0
4/28/2018 22:00,0,0
4/28/2018 23:00,0,0
4/29/2018 0:00,0,0
4/29/2018 1:00,0,0
4/29/2018 2:00,0,0
4/29/2018 3:00,0,0
4/29/2018 4:00,0,0
4/29/2018 5:00,0,0
4/29/2018 6:00,0,0
4/29/2018 7:00,0,0
4/29/2018 8:00,0,0
4/29/2018 9:00,0,0
4/29/2018 10:00,0,0
4/29/2018 11:00,0,0
4/29/2018 12:00,0,0
4/29/2018 13:00,0,0
4/29/2018 14:00,0,0
4/29/2018 15:00,0,0
4/29/2018 16:00,0,0
4/29/2018 17:00,0,0
4/29/2018 18:00,0,0
4/29/2018 19:00,0,0
4/29/2018 20:00,0,0
4/29/2018 21:00,0,0
4/29/2018 22:00,0,0
4/29/2018 23:00,0,0
4/30/2018 0:00,-0.008187542,-0.009800822
4/30/2018 1:00,0,0
4/30/2018 2:00,0,0
4/30/2018 3:00,0,0
4/30/2018 4:00,0,0
4/30/2018 5:00,0,0
4/30/2018 6:00,0,0
4/30/2018 7:00,0,0
4/30/2018 8:00,0,0
4/30/2018 9:00,0,0
4/30/2018 10:00,0,0
4/30/2018 11:00,0,0
4/30/2018 12:00,0,0
4/30/2018 13:00,0,0
4/30/2018 14:00,0,0
4/30/2018 15:00,0,0
4/30/2018 16:00,0,0
4/30/2018 17:00,0,0
4/30/2018 18:00,0,0
4/30/2018 19:00,0,0
4/30/2018 20:00,0,0
4/30/2018 21:00,0,0
4/30/2018 22:00,0,0
4/30/2018 23:00,0,0
5/1/2018 0:00,0.002549046,-0.001596424
